sms_msg,sms_resDate,category,status
울릉크루즈(주) 뉴씨다오펄호 테스트 메세지입니다.,2021.9.17 10:58,사람,미정
울릉크루즈-뉴시다오펄호가 여객선운항정보에 추가되었습니다. 알림을 받기원하시는 주민여러분께서는 울릉알리미앱내 환경설정에서 해당항목을 체크하시고 설정값 저장 버튼을 눌러주시기 바랍니다.,2021.9.17 15:01,사람,미정
"울릉크루즈(주)의 뉴시다오펄호 예약, 예매 관련 문의 : 국번없이 1533-3370",2021.9.25 9:31,사람,미정
"[울릉크루즈]금일(26/일)11:00울릉사동항,23:00영일만항 정상출항예정. 예약1533-3370",2021.9.26 9:00,사람,출항
[울릉군재난안전대책본부] 울릉→포항행 뉴시다오펄호 5F 선내식당(울릉크루즈)을 10.6.(수) 12:30~13:30 / 16:00~17:00 시간대에 이용하신 분은 가까운 선별진료소에서 검사받으시기 바랍니다.,2021.10.13 16:08,사람,미정
(울릉크루즈 휴항안내) 선박의 입거검사로 인하여 3.14(월)~3.24(목)까지 휴항하오니 이용에 참고하시기 바랍니다.,2022.3.3 10:36,사람,운항불가
7월8월달 주민인터넷 예매는 지금 대저해운 홈페이지에서 모두 가능합니다.,2022.7.18 9:08,선박,미정
자세한 내용은 울릉크루즈 홈페이지 공지사항 참조부탁드립니다. ulcruise.co.kr,2022.10.26 14:33,사람,미정
자세한 내용은 울릉크루즈 홈페이지 공지사항 참조부탁드립니다. ulcruise.co.kr,2022.10.31 14:45,사람,미정
여객선차량 운임보조금 지원중단에 따른 울릉크루즈 섬주민차량 지원할인 시행 ~12/31,2022.10.31 17:56,사람,미정
여객선차량 운임보조금 지원중단에 따른 울릉크루즈 섬주민차량 지원할인 시행 ~12/31,2022.11.1 18:02,사람,미정
여객선차량 운임보조금 지원중단에 따른 울릉크루즈 섬주민차량 지원할인 시행 ~12/31,2022.11.3 16:57,사람,미정
여객선차량 운임보조금 지원중단에 따른 울릉크루즈 섬주민차량 지원할인 시행 ~12/31,2022.11.5 17:04,사람,미정
여객선차량 운임보조금 지원중단에 따른 울릉크루즈 섬주민차량 지원할인 시행 ~12/31,2022.11.10 11:23,사람,미정
여객선차량 운임보조금 지원중단에 따른 울릉크루즈 섬주민차량 지원할인 시행 ~12/31,2022.11.14 17:44,사람,미정
금일 결항 관련 자세한 내용은 울릉크루즈 홈페이지 참고 바랍니다.,2023.1.31 11:47,사람,운항불가
[일일택배시행]?장소:사동항 울릉크루즈 화물취급소옆 건영택배 ?시간:0800~11:00(익일배송가능),2023.2.7 15:18,사람,미정
**일일택배를 시행하고 있습니다** ?장소: 사동항 울릉크루즈 화물취급소 옆 건영택배 ?시간: 08:00~11:00(익일 소비자에게 배송가능),2023.2.9 16:42,사람,미정
"**일일택배시행 및 유류값 인하 안내**  ?장소: 사동항 울릉크루즈 화물취급소 옆 건영택배 ?시간: 08:00~11:00(익일 소비자에게 배송가능) / 유류값(등유, 경유) 50원 인하",2023.2.22 10:22,사람,미정
**일일택배 접수시간 재안내** ?장소: 사동항 울릉크루즈 화물취급소 옆 건영택배 ?시간: 08:00~10:30(접수 시 익일 소비자에게 배송가능) 문의: 791-6668,2023.2.22 15:00,사람,미정
**일일택배 접수시간 안내** ?장소: 사동항 울릉크루즈 화물취급소 옆 건영택배 ?시간: 06:00~10:30(20건 이상 택배접수 시 사전 문의: 791-6668),2023.3.3 13:44,사람,미정
<여객선 차량운임 보조금 예산소진에 따른 지원 중단 알림> 3월 17일 이후 중단 됩니다.  자세한 내용은 울릉크루즈 홈페이지 공지사항 참조 부탁드립니다.ulcruise.co.kr,2023.3.16 9:39,사람,미정
[한진택배]★4/3(월)부터 당일택배 접수 받습니다.★ 접수시간은 오전8시부터 오전10시까지이며 사동항 울릉크루즈 앞에서 받습니다. 문의 054-791-7412 ★,2023.4.2 11:59,사람,미정
[한진택배]★4/3(월)부터 당일택배 접수 받습니다★ 접수시간은 오전8시부터 오전10시까지이며 접수장소는 울릉크루즈 앞 주차장입니다. 문의 054-791-7412 ★,2023.4.2 17:00,사람,미정
[한진택배]★4/3(월)부터 일일/당일택배 접수 받습니다★ 접수시간은 오전8시부터 오전10시까지이며 접수장소는 울릉크루즈 앞 주차장입니다. 문의 054-791-7412 ★,2023.4.3 9:34,사람,미정
[건영택배] 4월11일 기상악화로 울릉크루즈 출항시간이 2시간 앞당겨진 관계로 택배접수시간도 06시30분부터 09시에 마감할예정입니다. 감사합니다.,2023.4.10 16:56,사람,출항
(건영택배) 기상악화로 인하여 울릉크루즈 출항이 늦어져서 일요일 배송분 당일배송이 어려운점 양해부탁드려요,2023.5.6 9:35,사람,출항
[건영택배 정정] 기상악화로 인하여 울릉크루즈 운항이 어려움이 있어 5월7일~8일 양일간 당일택배가 불가인 점 양해부탁드립니다. 정상적인 당일택배는 5월9일 화요일 배송부터 입니다. 감사합니다,2023.5.6 14:08,사람,미정
"금일(10일) 울릉크루즈 울릉(사동항) 입항 예정시간은 06:30 이며, 탑승인원은 1,072명 입니다.",2023.6.10 5:36,사람,입항 예정
"금일(11일) 울릉크루즈 울릉(사동항) 입항 예정시간은 06:30 이며, 탑승인원은 1,032명 입니다.",2023.6.11 5:33,사람,입항 예정
"내일 6/12(월)부터 울릉크루즈  화물 집하장이 청원주차장(포항시 북구 서동로 101, 육거리 CGV 옆)에서 구항 여객터미널 옆 항만창고(포항시 북구 항구동 58-57번지)로 변경되었습니다.",2023.6.11 9:05,사람,미정
"내일 6/12(월)부터 울릉크루즈 화물 집하장이 청원주차장(포항시 북구 서동로 101, 육거리 CGV 옆)에서 구항 여객터미널 옆 항만창고(포항시 북구 항구동 58-57번지)로 변경되었습니다.",2023.6.11 12:42,사람,미정
"금일(12일) 울릉크루즈 울릉(사동항) 입항 예정시간은 06:30 이며, 탑승인원은 959명 입니다.",2023.6.12 5:35,사람,입항 예정
"금일 6/12(월)부터 울릉크루즈 화물 집하장이 청원주차장(포항시 북구 서동로 101, 육거리 CGV 옆)에서 구항 여객터미널 옆 항만창고(포항시 북구 항구동 58-57번지)로 변경되었습니다.",2023.6.12 14:54,사람,미정
"금일(13일) 울릉크루즈 울릉(사동항) 입항 예정시간은 06:30 이며, 탑승인원은 927명 입니다.",2023.6.13 5:40,사람,입항 예정
"금일(14일) 울릉크루즈 울릉(사동항) 입항 예정시간은 06:30 이며, 탑승인원은 866명 입니다.",2023.6.14 5:31,사람,입항 예정
"금일(15일) 울릉크루즈 울릉(사동항) 입항 예정시간은 06:30 이며, 탑승인원은 676명 입니다.",2023.6.15 5:35,사람,입항 예정
"금일(16일) 울릉크루즈 울릉(사동항) 입항 예정시간은 06:30 이며, 탑승인원은 704명 입니다.",2023.6.16 5:51,사람,입항 예정
"금일(17일) 울릉크루즈 울릉(사동항) 입항 예정시간은 06:30 이며, 탑승인원은 1198명 입니다.",2023.6.17 5:49,사람,입항 예정
"금일(18일) 울릉크루즈 울릉(사동항) 입항 예정시간은 06:20 이며, 탑승인원은 834명 입니다.",2023.6.18 5:36,사람,입항 예정
"금일(19일) 울릉크루즈 울릉(사동항) 입항 예정시간은 06:45 이며, 탑승인원은 828명 입니다.",2023.6.19 5:30,사람,입항 예정
"금일(20일) 울릉크루즈 울릉(사동항) 입항 예정시간은 06:30 이며, 탑승인원은 678명 입니다.",2023.6.20 5:31,사람,입항 예정
"금일(21일) 울릉크루즈 울릉(사동항) 입항 예정시간은 06:40 이며, 탑승인원은 555명 입니다.",2023.6.21 5:34,사람,입항 예정
"금일(22일) 울릉크루즈 울릉(사동항) 입항 예정시간은 07:05 이며, 탑승인원은 693명 입니다.",2023.6.22 5:08,사람,입항 예정
"금일(23일) 울릉크루즈 울릉(사동항) 입항 예정시간은 06:45 이며, 탑승인원은 581명 입니다.",2023.6.23 5:35,사람,입항 예정
"금일(24일) 울릉크루즈 울릉(사동항) 입항 예정시간은 06:40이며, 탑승인원은 1,101명 입니다.",2023.6.24 5:36,사람,입항 예정
"금일(25일) 울릉크루즈 울릉(사동항) 입항 예정시간은 06:40 이며, 탑승인원은 536명 입니다.",2023.6.25 5:26,사람,입항 예정
"금일(26일) 울릉크루즈 포항(영일만항) 입항 예정시간은 19:15 이며, 탑승인원은 1,149명 입니다.",2023.6.25 17:12,사람,입항 예정
"*정정* 금일(25일) 울릉크루즈 포항(영일만항) 입항 예정시간은 19:15 이며, 탑승인원은 1,149명 입니다.",2023.6.25 17:13,사람,입항 예정
"금일(26일) 울릉크루즈 울릉(사동항) 입항 예정시간은 06:30 이며, 탑승인원은 835명 입니다.",2023.6.26 5:37,사람,입항 예정
"금일(27일) 울릉크루즈 울릉(사동항) 입항 예정시간은 06:30 이며, 탑승인원은 622명 입니다",2023.6.27 5:42,사람,입항 예정
"금일(28일) 울릉크루즈 울릉(사동항) 입항 예정시간은 06:30 이며, 탑승인원은 503명 입니다",2023.6.28 5:34,사람,입항 예정
"[오늘 공연안내] 오전10시반~12시/문화가 있는 날 청춘마이크 /뮤지컬갈라, 클래식, 가요,  성악 등 공연 / 사동항 울릉크루즈 탑승장 인근 / 많은 관심 바랍니다.",2023.6.28 10:12,사람,미정
"금일(29일) 울릉크루즈 울릉(사동항) 입항 예정시간은 06:30 이며, 탑승인원은 548명 입니다",2023.6.29 5:38,사람,입항 예정
"금일(30일) 울릉크루즈 울릉(사동항) 입항 예정시간은 06:30 이며, 탑승인원은 444명 입니다",2023.6.30 5:36,사람,입항 예정
"금일(01일) 울릉크루즈 울릉(사동항) 입항 예정시간은 06:40 이며, 탑승인원은 758명 입니다",2023.7.1 5:17,사람,입항 예정
"금일(02일) 울릉크루즈 울릉(사동항) 입항 예정시간은 06:30 이며, 탑승인원은 587명 입니다",2023.7.2 5:51,사람,입항 예정
"금일(03일) 울릉크루즈 울릉(사동항) 입항 예정시간은 06:30 이며, 탑승인원은 751명 입니다",2023.7.3 5:39,사람,입항 예정
[건영택배] 포항쪽 심한 해무로 울릉크루즈가 결항하여 7월4일 화요일 배송분은 당일택배가 불가인 점 양해부탁드립니다. 정상적인 당일택배는 7월5일 수요일부터 접수가능합니다. 감사합니다,2023.7.4 6:47,사람,운항불가
"금일(05일) 울릉크루즈 울릉(사동항) 입항 예정시간은 06:30 이며, 탑승인원은 494명 입니다",2023.7.5 5:33,사람,입항 예정
"금일(07일) 울릉크루즈 울릉(사동항) 입항 예정시간은 06:30 이며, 탑승인원은 689명 입니다",2023.7.7 5:40,사람,입항 예정
"금일(08일) 울릉크루즈 울릉(사동항) 입항 예정시간은 06:35 이며, 탑승인원은 875명 입니다",2023.7.8 5:38,사람,입항 예정
"금일(09일) 울릉크루즈 울릉(사동항) 입항 예정시간은 06:30 이며, 탑승인원은 268명 입니다",2023.7.9 5:44,사람,입항 예정
"금일(10일) 울릉크루즈 울릉(사동항) 입항 예정시간은 06:30 이며, 탑승인원은 532명 입니다",2023.7.10 6:13,사람,입항 예정
"금일(11일) 울릉크루즈 울릉(사동항) 입항 예정시간은 06:30 이며, 탑승인원은 483명 입니다",2023.7.11 5:31,사람,입항 예정
"금일(12일) 울릉크루즈 울릉(사동항) 입항 예정시간은 06:20 이며, 탑승인원은 441명 입니다",2023.7.12 5:34,사람,입항 예정
"금일(13일) 울릉크루즈 울릉(사동항) 입항 예정시간은 06:20 이며, 탑승인원은 560명 입니다",2023.7.13 5:17,사람,입항 예정
"금일(14일) 울릉크루즈 울릉(사동항) 입항 예정시간은 05:25 이며, 탑승인원은 523명 입니다",2023.7.14 4:36,사람,입항 예정
"금일(15일) 울릉크루즈 울릉(사동항) 입항 예정시간은 07:00 이며, 탑승인원은 644명 입니다",2023.7.15 5:32,사람,입항 예정
"금일(16일) 울릉크루즈 울릉(사동항) 입항 예정시간은 06:30 이며, 탑승인원은 397명 입니다.",2023.7.16 5:36,사람,입항 예정
"금일(17일) 울릉크루즈 울릉(사동항) 입항 예정시간은 06:25 이며, 탑승인원은 455명 입니다.",2023.7.17 5:38,사람,입항 예정
"금일(18일) 울릉크루즈 울릉(사동항) 입항 예정시간은 06:35 이며, 탑승인원은 456명 입니다.",2023.7.18 5:42,사람,입항 예정
"금일(19일) 울릉크루즈 울릉(사동항) 입항 예정시간은 06:35 이며, 탑승인원은 490명 입니다.",2023.7.19 5:37,사람,입항 예정
"금일(21일) 울릉크루즈 울릉(사동항) 입항 예정시간은 06:30 이며, 탑승인원은 699명 입니다.",2023.7.21 5:34,사람,입항 예정
"금일(22일) 울릉크루즈 울릉(사동항) 입항 예정시간은 06:30 이며, 탑승인원은 598명 입니다.",2023.7.22 5:41,사람,입항 예정
"금일(23일) 울릉크루즈 울릉(사동항) 입항 예정시간은 06:30 이며, 탑승인원은 427명 입니다.",2023.7.23 5:31,사람,입항 예정
"금일(24일) 울릉크루즈 울릉(사동항) 입항 예정시간은 06:30 이며, 탑승인원은 665명 입니다.",2023.7.24 5:13,사람,입항 예정
"금일(25일) 울릉크루즈 울릉(사동항) 입항 예정시간은 06:30 이며, 탑승인원은 613명 입니다.",2023.7.25 5:28,사람,입항 예정
"금일(26일) 울릉크루즈 울릉(사동항) 입항 예정시간은 06:30 이며, 탑승인원은 574명 입니다.",2023.7.26 5:38,사람,입항 예정
"금일(27일) 울릉크루즈 울릉(사동항) 입항 예정시간은 06:30 이며, 탑승인원은 783명 입니다.",2023.7.27 5:47,사람,입항 예정
"금일(28일) 울릉크루즈 울릉(사동항) 입항 예정시간은 06:30 이며, 탑승인원은 640명 입니다.",2023.7.28 5:37,사람,입항 예정
"금일(29일) 울릉크루즈 울릉(사동항) 입항 예정시간은 06:30 이며, 탑승인원은 1196명 입니다.",2023.7.29 5:42,사람,입항 예정
"금일(30일) 울릉크루즈 울릉(사동항) 입항 예정시간은 06:30 이며, 탑승인원은 925명 입니다.",2023.7.30 5:37,사람,입항 예정
"금일(31일) 울릉크루즈 울릉(사동항) 입항 예정시간은 06:30 이며, 탑승인원은 941명 입니다.",2023.7.31 6:04,사람,입항 예정
"금일(01일) 울릉크루즈 울릉(사동항) 입항 예정시간은 06:30 이며, 탑승인원은 1,079명 입니다.",2023.8.1 5:34,사람,입항 예정
"금일(02일) 울릉크루즈 울릉(사동항) 입항 예정시간은 06:30 이며, 탑승인원은 911명 입니다.",2023.8.2 5:35,사람,입항 예정
"금일(03일) 울릉크루즈 울릉(사동항) 입항 예정시간은 06:30 이며, 탑승인원은 803명 입니다.",2023.8.3 5:30,사람,입항 예정
"금일(04일) 울릉크루즈 울릉(사동항) 입항 예정시간은 06:30 이며, 탑승인원은 683명 입니다.",2023.8.4 5:50,사람,입항 예정
"금일(05일) 울릉크루즈 울릉(사동항) 입항 예정시간은 06:30 이며, 탑승인원은 795명 입니다.",2023.8.5 5:32,사람,입항 예정
"금일(06일) 울릉크루즈 울릉(사동항) 입항 예정시간은 06:45 이며, 탑승인원은 464명 입니다.",2023.8.6 5:38,사람,입항 예정
"금일(08일) 울릉크루즈 울릉(사동항) 입항 예정시간은 07:00 이며, 탑승인원은 360명 입니다.",2023.8.8 5:32,사람,입항 예정
"금일(12일) 울릉크루즈 울릉(사동항) 입항 예정시간은 06:45 이며, 탑승인원은 1,161명 입니다.",2023.8.12 5:41,사람,입항 예정
"금일(13일) 울릉크루즈 울릉(사동항) 입항 예정시간은 06:45 이며, 탑승인원은 1,094명 입니다.",2023.8.13 5:40,사람,입항 예정
"금일(14일) 울릉크루즈 울릉(사동항) 입항 예정시간은 06:45 이며, 탑승인원은 652명 입니다.",2023.8.14 5:38,사람,입항 예정
"금일(15일) 울릉크루즈 울릉(사동항) 입항 예정시간은 06:50 이며, 탑승인원은 608명 입니다.",2023.8.15 6:01,사람,입항 예정
"금일(16일) 울릉크루즈 울릉(사동항) 입항 예정시간은 07:00 이며, 탑승인원은 783명 입니다.",2023.8.16 5:38,사람,입항 예정
"금일(17일) 울릉크루즈 울릉(사동항) 입항 예정시간은 06:40 이며, 탑승인원은 569명 입니다.",2023.8.17 5:37,사람,입항 예정
"금일(18일) 울릉크루즈 울릉(사동항) 입항 예정시간은 06:30 이며, 탑승인원은 613명 입니다.",2023.8.18 5:41,사람,입항 예정
"금일(19일) 울릉크루즈 울릉(사동항) 입항 예정시간은 06:30 이며, 탑승인원은 528명 입니다",2023.8.19 5:30,사람,입항 예정
"금일(20일) 울릉크루즈 울릉(사동항) 입항 예정시간은 06:30 이며, 탑승인원은 341명 입니다",2023.8.20 5:35,사람,입항 예정
"금일(21일) 울릉크루즈 울릉(사동항) 입항 예정시간은 06:30 이며, 탑승인원은 556명 입니다",2023.8.21 5:41,사람,입항 예정
"금일(22일) 울릉크루즈 울릉(사동항) 입항 예정시간은 06:30 이며, 탑승인원은 500명 입니다",2023.8.22 5:32,사람,입항 예정
"금일(23일) 울릉크루즈 울릉(사동항) 입항 예정시간은 06:30 이며, 탑승인원은 489명 입니다",2023.8.23 5:47,사람,입항 예정
"금일(24일) 울릉크루즈 울릉(사동항) 입항 예정시간은 06:50 이며, 탑승인원은 374명 입니다",2023.8.24 5:10,사람,입항 예정
"금일(25일) 울릉크루즈 울릉(사동항) 입항 예정시간은 06:35 이며, 탑승인원은 451명 입니다",2023.8.25 5:34,사람,입항 예정
"금일(26일) 울릉크루즈 울릉(사동항) 입항 예정시간은 06:30 이며, 탑승인원은 716명 입니다",2023.8.26 5:32,사람,입항 예정
"금일(27일) 울릉크루즈 울릉(사동항) 입항 예정시간은 06:30 이며, 탑승인원은 306명 입니다",2023.8.27 5:47,사람,입항 예정
"금일(28일) 울릉크루즈 울릉(사동항) 입항 예정시간은 06:50 이며, 탑승인원은 636명 입니다",2023.8.28 5:38,사람,입항 예정
"금일(29일) 울릉크루즈 울릉(사동항) 입항 예정시간은 07:40 이며, 탑승인원은 531명 입니다",2023.8.29 5:35,사람,입항 예정
"금일(31일) 울릉크루즈 울릉(사동항) 입항 예정시간은 07:30 이며, 탑승인원은 506명 입니다",2023.8.31 5:49,사람,입항 예정
"금일(02일) 울릉크루즈 울릉(사동항) 입항 예정시간은 07:25 이며, 탑승인원은 959명 입니다",2023.9.2 5:36,사람,입항 예정
[건영택배] 9월2일(일요일) 울릉크루즈 선박점검(결항)으로 인하여 당일택배가 불가인 점 양해부탁드립니다. 당일택배는 크루즈 수리 후 가능할 예정입니다. 감사합니다,2023.9.3 6:14,사람,운항불가
[건영택배] 9월 3일(일요일) 울릉크루즈 선박점검(결항)으로 인하여 당일택배가 불가인 점 양해부탁드립니다. 당일택배는 크루즈 수리 후 가능할 예정입니다. 감사합니다,2023.9.3 6:15,사람,운항불가
[건영택배] 9월 3일(일요일) 울릉크루즈 선박점검(결항)으로 인하여 당일택배가 불가인 점 양해부탁드립니다. 당일택배는 크루즈 수리 후 가능할 예정입니다. 감사합니다,2023.9.3 8:18,사람,운항불가
[건영택배] 9월 4일(월요일) 울릉크루즈 선박점검(결항)으로 인하여 당일택배가 불가인 점 양해부탁드립니다. 당일택배는 크루즈 수리 후 가능할 예정입니다. 감사합니다,2023.9.4 6:22,사람,운항불가
[건영택배] 9월 4일(월요일)~9월 7일(목요일) 울릉크루즈 선박점검(휴항)으로 인하여 당일택배가 불가인 점 양해부탁드립니다. 당일택배는 9월 8일(금요일)부터 접수 가능할 예정입니다. 감사합니다,2023.9.4 9:44,사람,운항불가
[건영택배] 9월 4일(월요일)~9월 7일(목요일) 울릉크루즈 선박점검(휴항)으로 인하여 당일택배가 불가인 점 양해부탁드립니다. 당일택배는 9월 8일(금요일)부터 접수 가능할 예정입니다. 감사합니다,2023.9.4 11:05,사람,운항불가
[건영택배] 9월 4일(월요일)~9월 7일(목요일) 울릉크루즈 선박점검(휴항)으로 인하여 당일택배가 불가인 점 양해부탁드립니다. 당일택배는 9월 8일(금요일)부터 접수 가능할 예정입니다. 감사합니다,2023.9.4 16:24,사람,운항불가
[건영택배] 9월 4일(월요일)~9월 7일(목요일) 울릉크루즈 선박점검(휴항)으로 인하여 당일택배가 불가인 점 양해부탁드립니다. 당일택배는 9월 8일(금요일)부터 접수 가능할 예정입니다. 감사합니다,2023.9.5 7:18,사람,운항불가
[건영택배] 9월 4일(월요일)~9월 7일(목요일) 울릉크루즈 선박점검(휴항)으로 인하여 당일택배가 불가인 점 양해부탁드립니다. 당일택배는 9월 8일(금요일)부터 접수 가능할 예정입니다. 감사합니다,2023.9.5 18:00,사람,운항불가
"금일(08일) 울릉크루즈 울릉(사동항) 입항 예정시간은 06:40 이며, 탑승인원은 697명 입니다",2023.9.8 5:47,사람,입항 예정
"금일(09일) 울릉크루즈 울릉(사동항) 입항 예정시간은 06:30 이며, 탑승인원은 814명 입니다",2023.9.9 5:35,사람,입항 예정
"금일(10일) 울릉크루즈 울릉(사동항) 입항 예정시간은 06:30 이며, 탑승인원은 257명 입니다",2023.9.10 5:43,사람,입항 예정
"금일(11일) 울릉크루즈 울릉(사동항) 입항 예정시간은 06:30 이며, 탑승인원은 738명 입니다",2023.9.11 5:48,사람,입항 예정
"금일(12일) 울릉크루즈 울릉(사동항) 입항 예정시간은 06:30 이며, 탑승인원은 727명 입니다",2023.9.12 5:39,사람,입항 예정
"금일(13일) 울릉크루즈 울릉(사동항) 입항 예정시간은 06:30 이며, 탑승인원은 534명 입니다",2023.9.13 5:46,사람,입항 예정
"금일(14일) 울릉크루즈 울릉(사동항) 입항 예정시간은 06:30 이며, 탑승인원은 491명 입니다",2023.9.14 5:52,사람,입항 예정
"금일(15일) 울릉크루즈 울릉(사동항) 입항 예정시간은 06:30 이며, 탑승인원은 463명 입니다",2023.9.15 5:34,사람,입항 예정
"금일(16일) 울릉크루즈 울릉(사동항) 입항 예정시간은 06:30 이며, 탑승인원은 782명 입니다",2023.9.16 5:37,사람,입항 예정
"금일(17일) 울릉크루즈 울릉(사동항) 입항 예정시간은 06:30 이며, 탑승인원은 337명 입니다",2023.9.17 5:32,사람,입항 예정
"금일(18일) 울릉크루즈 울릉(사동항) 입항 예정시간은 06:30 이며, 탑승인원은 670명 입니다",2023.9.18 5:39,사람,입항 예정
"금일(19일) 울릉크루즈 울릉(사동항) 입항 예정시간은 06:30 이며, 탑승인원은 516명 입니다",2023.9.19 5:36,사람,입항 예정
"금일(20일) 울릉크루즈 울릉(사동항) 입항 예정시간은 06:30 이며, 탑승인원은 403명 입니다",2023.9.20 5:53,사람,입항 예정
"금일(21일) 울릉크루즈 울릉(사동항) 입항 예정시간은 07:50 이며, 탑승인원은 315명 입니다",2023.9.21 5:58,사람,입항 예정
"금일(26일) 울릉크루즈 울릉(사동항) 입항 예정시간은 06:30 이며, 탑승인원은 290명 입니다",2023.9.26 5:41,사람,입항 예정
"금일(27일) 울릉크루즈 울릉(사동항) 입항 예정시간은 06:35 이며, 탑승인원은 542명 입니다",2023.9.27 5:37,사람,입항 예정
"금일(28일) 울릉크루즈 울릉(사동항) 입항 예정시간은 06:30 이며, 탑승인원은 1,195명 입니다",2023.9.28 5:34,사람,입항 예정
"금일(29일) 울릉크루즈 울릉(사동항) 입항 예정시간은 06:30 이며, 탑승인원은 1,181명 입니다",2023.9.29 5:46,사람,입항 예정
"금일(30일) 울릉크루즈 울릉(사동항) 입항 예정시간은 06:30 이며, 탑승인원은 1,154명 입니다",2023.9.30 5:46,사람,입항 예정
"금일(01일) 울릉크루즈 울릉(사동항) 입항 예정시간은 06:40 이며, 탑승인원은 1,116명 입니다",2023.10.1 5:14,사람,입항 예정
"금일(02일) 울릉크루즈 울릉(사동항) 입항 예정시간은 06:30 이며, 탑승인원은 757명 입니다",2023.10.2 5:41,사람,입항 예정
"금일(03일) 울릉크루즈 울릉(사동항) 입항 예정시간은 06:30 이며, 탑승인원은 703명 입니다",2023.10.3 5:37,사람,입항 예정
"금일(04일) 울릉크루즈 울릉(사동항) 입항 예정시간은 06:30 이며, 탑승인원은 871명 입니다",2023.10.4 5:53,사람,입항 예정
"금일(05일) 울릉크루즈 울릉(사동항) 입항 예정시간은 06:40 이며, 탑승인원은 645명 입니다",2023.10.5 5:36,사람,입항 예정
"금일(06일) 울릉크루즈 울릉(사동항) 입항 예정시간은 07:00 이며, 탑승인원은 820명 입니다",2023.10.6 5:41,사람,입항 예정
"금일(07일) 울릉크루즈 울릉(사동항) 입항 예정시간은 06:20 이며, 탑승인원은 1,200명 입니다",2023.10.7 5:37,사람,입항 예정
"금일(08일) 울릉크루즈 울릉(사동항) 입항 예정시간은 06:20 이며, 탑승인원은 1,093명 입니다",2023.10.8 5:39,사람,입항 예정
"금일(09일) 울릉크루즈 울릉(사동항) 입항 예정시간은 06:20 이며, 탑승인원은 613명 입니다",2023.10.9 5:38,사람,입항 예정
"금일(10일) 울릉크루즈 울릉(사동항) 입항 예정시간은 06:20 이며, 탑승인원은 629명 입니다",2023.10.10 5:36,사람,입항 예정
"금일(11일) 울릉크루즈 울릉(사동항) 입항 예정시간은 06:20 이며, 탑승인원은 591명 입니다",2023.10.11 5:39,사람,입항 예정
"금일(12일) 울릉크루즈 울릉(사동항) 입항 예정시간은 06:20 이며, 탑승인원은 568명 입니다",2023.10.12 5:42,사람,입항 예정
"금일(13일) 울릉크루즈 울릉(사동항) 입항 예정시간은 06:20 이며, 탑승인원은 630명 입니다",2023.10.13 5:54,사람,입항 예정
"금일(14일) 울릉크루즈 울릉(사동항) 입항 예정시간은 06:20 이며, 탑승인원은 1124명 입니다",2023.10.14 5:35,사람,입항 예정
"금일(15일) 울릉크루즈 울릉(사동항) 입항 예정시간은 06:20 이며, 탑승인원은 590명 입니다",2023.10.15 5:40,사람,입항 예정
"금일(16일) 울릉크루즈 울릉(사동항) 입항 예정시간은 06:20 이며, 탑승인원은 641명 입니다",2023.10.16 5:39,사람,입항 예정
"금일(17일) 울릉크루즈 울릉(사동항) 입항 예정시간은 06:20 이며, 탑승인원은 936명 입니다",2023.10.17 5:37,사람,입항 예정
"금일(18일) 울릉크루즈 울릉(사동항) 입항 예정시간은 06:30 이며, 탑승인원은 603명 입니다",2023.10.18 5:51,사람,입항 예정
"금일(19일) 울릉크루즈 울릉(사동항) 입항 예정시간은 06:30 이며, 탑승인원은 679명 입니다",2023.10.19 5:33,사람,입항 예정
"금일(20일) 울릉크루즈 울릉(사동항) 입항 예정시간은 06:30 이며, 탑승인원은 639명 입니다",2023.10.20 5:42,사람,입항 예정
"금일(21일) 울릉크루즈 울릉(사동항) 입항 예정시간은 10:05 이며, 탑승인원은 1,156명 입니다",2023.10.21 8:38,사람,입항 예정
"금일(22일) 울릉크루즈 울릉(사동항) 입항 예정시간은 06:30 이며, 탑승인원은 468명 입니다",2023.10.22 5:37,사람,입항 예정
"금일(23일) 울릉크루즈 울릉(사동항) 입항 예정시간은 06:30 이며, 탑승인원은 724명 입니다",2023.10.23 5:54,사람,입항 예정
"금일(24일) 울릉크루즈 울릉(사동항) 입항 예정시간은 06:30 이며, 탑승인원은 701명 입니다",2023.10.24 5:32,사람,입항 예정
"금일(25일) 울릉크루즈 울릉(사동항) 입항 예정시간은 06:30 이며, 탑승인원은 457명 입니다",2023.10.25 5:32,사람,입항 예정
"금일(26일) 울릉크루즈 울릉(사동항) 입항 예정시간은 06:30 이며, 탑승인원은 631명 입니다",2023.10.26 5:44,사람,입항 예정
"금일(27일) 울릉크루즈 울릉(사동항) 입항 예정시간은 06:30 이며, 탑승인원은 715명 입니다",2023.10.27 5:31,사람,입항 예정
"금일(28일) 울릉크루즈 울릉(사동항) 입항 예정시간은 06:30 이며, 탑승인원은 1131명 입니다",2023.10.28 5:31,사람,입항 예정
"*정정* 금일(28일) 울릉크루즈 울릉(사동항) 입항 예정시간은 06:30 이며, 탑승인원은 1158명 입니다",2023.10.28 5:32,사람,입항 예정
"금일(29일) 울릉크루즈 울릉(사동항) 입항 예정시간은 06:30 이며, 탑승인원은 435명 입니다",2023.10.29 5:36,사람,입항 예정
"금일(30일) 울릉크루즈 울릉(사동항) 입항 예정시간은 06:30 이며, 탑승인원은 680명 입니다",2023.10.30 5:38,사람,입항 예정
"금일(31일) 울릉크루즈 울릉(사동항) 입항 예정시간은 06:30 이며, 탑승인원은 547명 입니다",2023.10.31 5:36,사람,입항 예정
"금일(01일) 울릉크루즈 울릉(사동항) 입항 예정시간은 06:30 이며, 탑승인원은 522명 입니다",2023.11.1 5:49,사람,입항 예정
"금일(02일) 울릉크루즈 울릉(사동항) 입항 예정시간은 06:30 이며, 탑승인원은 551명 입니다",2023.11.2 5:34,사람,입항 예정
"금일(03일) 울릉크루즈 울릉(사동항) 입항 예정시간은 06:30 이며, 탑승인원은 677명 입니다",2023.11.3 5:34,사람,입항 예정
"금일(04일) 울릉크루즈 울릉(사동항) 입항 예정시간은 06:30 이며, 탑승인원은 1,122명 입니다",2023.11.4 5:32,사람,입항 예정
"금일(05일) 울릉크루즈 울릉(사동항) 입항 예정시간은 06:30 이며, 탑승인원은 402명 입니다",2023.11.5 5:38,사람,입항 예정
"금일(08일) 울릉크루즈 울릉(사동항) 입항 예정시간은 06:30 이며, 탑승인원은 955명 입니다",2023.11.8 5:36,사람,입항 예정
"금일(09일) 울릉크루즈 울릉(사동항) 입항 예정시간은 06:20 이며, 탑승인원은 525명 입니다",2023.11.9 5:42,사람,입항 예정
"금일(10일) 울릉크루즈 울릉(사동항) 입항 예정시간은 06:40 이며, 탑승인원은 685명 입니다",2023.11.10 5:43,사람,입항 예정
"금일(11일) 울릉크루즈 울릉(사동항) 입항 예정시간은 06:50 이며, 탑승인원은 952명 입니다",2023.11.11 5:38,사람,입항 예정
"금일(12일) 울릉크루즈 울릉(사동항) 입항 예정시간은 06:50 이며, 탑승인원은 368명 입니다",2023.11.12 5:41,사람,입항 예정
"금일(13일) 울릉크루즈 울릉(사동항) 입항 예정시간은 07:00 이며, 탑승인원은 398명 입니다",2023.11.13 5:40,사람,입항 예정
"금일(14일) 울릉크루즈 울릉(사동항) 입항 예정시간은 06:50 이며, 탑승인원은 652명 입니다",2023.11.14 5:44,사람,입항 예정
"금일(15일) 울릉크루즈 울릉(사동항) 입항 예정시간은 06:40 이며, 탑승인원은 343명 입니다.",2023.11.15 5:55,사람,입항 예정
"금일(16일) 울릉크루즈 울릉(사동항) 입항 예정시간은 06:40 이며, 탑승인원은 380명 입니다.",2023.11.16 5:43,사람,입항 예정
대저해운 독도행 썬라이즈호는 금일부로 올해 독도운항을 마감하였습니다. 대저해운을 이용해 주셔서 대단히 감사합니다.,2023.11.16 15:19,선박,미정
"금일(17일) 울릉크루즈 울릉(사동항) 입항 예정시간은 07:15 이며, 탑승인원은 425명 입니다.",2023.11.17 6:10,사람,입항 예정
"금일(19일) 울릉크루즈 울릉(사동항) 입항 예정시간은 07:10 이며, 탑승인원은 325명 입니다.",2023.11.19 5:14,사람,입항 예정
"금일(20일) 울릉크루즈 울릉(사동항) 입항 예정시간은 06:55 이며, 탑승인원은 561명 입니다",2023.11.20 5:40,사람,입항 예정
"금일(21일) 울릉크루즈 울릉(사동항) 입항 예정시간은 06:50 이며, 탑승인원은 434명 입니다.",2023.11.21 5:37,사람,입항 예정
"금일(22일) 울릉크루즈 울릉(사동항) 입항 예정시간은 06:50 이며, 탑승인원은 333명 입니다.",2023.11.22 5:37,사람,입항 예정
"금일(23일) 울릉크루즈 울릉(사동항) 입항 예정시간은 06:50 이며, 탑승인원은 283명 입니다.",2023.11.23 5:44,사람,입항 예정
"금일(25일) 울릉크루즈 울릉(사동항) 입항 예정시간은 06:50 이며, 탑승인원은 711명 입니다.",2023.11.25 5:38,사람,입항 예정
"금일(26일) 울릉크루즈 울릉(사동항) 입항 예정시간은 06:50 이며, 탑승인원은 318명 입니다.",2023.11.26 5:36,사람,입항 예정
"금일(27일) 울릉크루즈 울릉(사동항) 입항 예정시간은 07:00 이며, 탑승인원은 502명 입니다.",2023.11.27 5:37,사람,입항 예정
[건영택배] 11월 30일(목요일) 울릉크루즈 오전 10시 출항인 관계로 오전 6:30분부터 오전 9시까지 당일택배 접수가능합니다. 감사합니다.,2023.11.28 17:32,사람,출항
"금일(30일) 울릉크루즈 울릉(사동항) 입항 예정시간은 14:30 이며, 탑승인원은 544명 입니다",2023.11.30 13:02,사람,입항 예정
"금일(02일) 울릉크루즈 울릉(사동항) 입항 예정시간은 07:00 이며, 탑승인원은 529명 입니다.",2023.12.2 6:08,사람,입항 예정
"금일(03일) 울릉크루즈 울릉(사동항) 입항 예정시간은 07:15 이며, 탑승인원은 186명 입니다.",2023.12.3 6:07,사람,입항 예정
"금일(04일) 울릉크루즈 울릉(사동항) 입항 예정시간은 07:00 이며, 탑승인원은 336명 입니다.",2023.12.4 6:07,사람,입항 예정
[건영] 12월8일(금요일)~12월25일(월요일)까지 울릉크루즈 정기검사 및 공휴일 관계로 당일택배가 불가인 점 양해부탁드립니다. 정상적인 당일택배는 12월26일(화요일)부터 당일택배 접수가능합니다. 감사합니다.,2023.12.4 11:01,사람,미정
[건영] 12월8일(금요일)~12월25일(월요일)까지 울릉크루즈 정기검사 및 공휴일 관계로 당일택배가 불가인 점 양해부탁드립니다. 정상적인 당일택배는 12월26일(화요일)부터 당일택배 접수가능합니다. 감사합니다.,2023.12.4 12:21,사람,미정
"금일(05일) 울릉크루즈 울릉(사동항) 입항 예정시간은 07:00 이며, 탑승인원은 482명 입니다.",2023.12.5 6:01,사람,입항 예정
[건영] 12월8일(금요일)~12월25일(월요일)까지 울릉크루즈 정기검사 및 공휴일 관계로 당일택배가 불가인 점 양해부탁드립니다. 정상적인 당일택배는 12월26일(화요일)부터 당일택배 접수가능합니다. 감사합니다.,2023.12.5 8:14,사람,미정
"금일(06일) 울릉크루즈 울릉(사동항) 입항 예정시간은 07:00 이며, 탑승인원은 453명 입니다.",2023.12.6 6:08,사람,입항 예정
"금일(08일) 울릉크루즈 울릉(사동항) 입항 예정시간은 07:00 이며, 탑승인원은 331명 입니다.",2023.12.8 6:30,사람,입항 예정
"금일(09일) 울릉크루즈 울릉(사동항)입항 예정시간은 기상악화로 시간이 지연된 08:00 이며, 탑승인원은 414명 입니다.",2023.12.9 6:37,사람,입항 예정
"금일(10일) 울릉크루즈 울릉(사동항) 입항 예정시간은 07:00 이며, 탑승인원은 408명 입니다.",2023.12.10 6:04,사람,입항 예정
"금일(23일) 울릉크루즈 울릉(사동항) 입항 예정시간은 07:20 이며, 탑승인원은 577명 입니다.",2023.12.23 5:51,사람,입항 예정
"금일(24일) 울릉크루즈 울릉(사동항) 입항 예정시간은 07:20 이며, 탑승인원은 262명 입니다.",2023.12.24 6:08,사람,입항 예정
울릉크루즈에서 안내 말씀 드립니다. 차량 선적 시 스파이크 타이어 및 체인 장착 차량은 선적이 불가함을 안내드립니다.(체인 장착 차량은 현장에서 탈거 후 선적 가능 합니다.),2023.12.24 9:04,사람,미정
"금일(25일) 울릉크루즈 울릉(사동항) 입항 예정시간은 07:20 이며, 탑승인원은 176명 입니다.",2023.12.25 6:18,사람,입항 예정
"금일(26일) 울릉크루즈 울릉(사동항) 입항 예정시간은 07:20 이며, 탑승인원은 441명 입니다.",2023.12.26 6:16,사람,입항 예정
"금일(27일) 울릉크루즈 울릉(사동항) 입항 예정시간은 07:20 이며, 탑승인원은 463명 입니다.",2023.12.27 6:26,사람,입항 예정
"금일(28일) 울릉크루즈 울릉(사동항) 입항 예정시간은 07:20 이며, 탑승인원은 374명 입니다.",2023.12.28 6:00,사람,입항 예정
"금일(29일) 울릉크루즈 울릉(사동항) 입항 예정시간은 07:20 이며, 탑승인원은 304명 입니다.",2023.12.29 6:10,사람,입항 예정
"금일(30일) 울릉크루즈 울릉(사동항) 입항 예정시간은 07:20 이며, 탑승인원은 461명 입니다.",2023.12.30 6:02,사람,입항 예정
"금일(31일) 울릉크루즈 울릉(사동항) 입항 예정시간은 07:20 이며, 탑승인원은 753명 입니다.",2023.12.31 6:20,사람,입항 예정
"금일(02일) 울릉크루즈 울릉(사동항) 입항 예정시간은 07:20 이며, 탑승인원은 378명 입니다.",2024.1.2 6:04,사람,입항 예정
"금일(03일) 울릉크루즈 울릉(사동항) 입항 예정시간은 07:20 이며, 탑승인원은 276명 입니다.",2024.1.3 6:23,사람,입항 예정
울릉크루즈에서 안내 말씀 드립니다. 차량 선적 시 스파이크 타이어 및 체인 장착 차량은 선적이 불가함을 안내드립니다.(체인 장착 차량은 현장에서 탈거 후 선적 가능 합니다.),2024.1.3 12:41,사람,미정
"금일(04일) 울릉크루즈 울릉(사동항) 입항 예정시간은 07:20 이며, 탑승인원은 282명 입니다.",2024.1.4 6:01,사람,입항 예정
"금일(05일) 울릉크루즈 울릉(사동항) 입항 예정시간은 07:50 이며, 탑승인원은 259명 입니다.",2024.1.5 6:08,사람,입항 예정
"금일(06일) 울릉크루즈 울릉(사동항) 입항 예정시간은 07:30 이며, 탑승인원은 299명 입니다.",2024.1.6 6:07,사람,입항 예정
"금일(07일) 울릉크루즈 울릉(사동항) 입항 예정시간은 07:30 이며, 탑승인원은 274명 입니다.",2024.1.7 5:46,사람,입항 예정
울릉크루즈에서 안내 말씀 드립니다. 차량 선적 시 스파이크 타이어 및 체인 장착 차량은 선적이 불가함을 안내드립니다.(체인 장착 차량은 현장에서 탈거 후 선적 가능 합니다.),2024.1.8 8:06,사람,미정
"금일(09일) 울릉크루즈 울릉(사동항) 입항 예정시간은 07:30 이며, 탑승인원은 458명 입니다.",2024.1.9 6:11,사람,입항 예정
"금일(10일) 울릉크루즈 울릉(사동항) 입항 예정시간은 07:30 이며, 탑승인원은 210명 입니다.",2024.1.10 6:04,사람,입항 예정
"금일(11일) 울릉크루즈 울릉(사동항) 입항 예정시간은 07:30 이며, 탑승인원은 331명 입니다.",2024.1.11 6:41,사람,입항 예정
"금일(13일) 울릉크루즈 울릉(사동항) 입항 예정시간은 07:30 이며, 탑승인원은 482명 입니다.",2024.1.13 6:31,사람,입항 예정
"금일(14일) 울릉크루즈 울릉(사동항) 입항 예정시간은 07:30 이며, 탑승인원은 437명 입니다.",2024.1.14 6:41,사람,입항 예정
"금일(15일) 울릉크루즈 울릉(사동항) 입항 예정시간은 07:30 이며, 탑승인원은 247명 입니다.",2024.1.15 6:36,사람,입항 예정
"금일(16일) 울릉크루즈 울릉(사동항) 입항 예정시간은 07:30 이며, 탑승인원은 345명 입니다",2024.1.16 7:01,사람,입항 예정
"금일(17일) 울릉크루즈 울릉(사동항) 입항 예정시간은 07:30 이며, 탑승인원은 350명 입니다",2024.1.17 6:45,사람,입항 예정
"금일(18일) 울릉크루즈 울릉(사동항) 입항 예정시간은 07:30 이며, 탑승인원은 301명 입니다",2024.1.18 6:41,사람,입항 예정
"금일(19일) 울릉크루즈 울릉(사동항) 입항 예정시간은 07:30 이며, 탑승인원은 287명 입니다",2024.1.19 6:32,사람,입항 예정
"금일(20일) 울릉크루즈 울릉(사동항) 입항 예정시간은 07:30 이며, 탑승인원은 464명 입니다",2024.1.20 6:32,사람,입항 예정
"금일(22일) 울릉크루즈 울릉(사동항) 입항 예정시간은 07:30 이며, 탑승인원은 423명 입니다",2024.1.22 6:35,사람,입항 예정
"금일(26일) 울릉크루즈 울릉(사동항) 입항 예정시간은 07:20 이며, 탑승인원은 559명 입니다",2024.1.26 6:42,사람,입항 예정
"금일(27일) 울릉크루즈 울릉(사동항) 입항 예정시간은 07:20 이며, 탑승인원은 640명 입니다",2024.1.27 6:37,사람,입항 예정
"금일(28일) 울릉크루즈 울릉(사동항) 입항 예정시간은 07:20 이며, 탑승인원은 304명 입니다",2024.1.28 6:36,사람,입항 예정
"금일(29일) 울릉크루즈 울릉(사동항) 입항 예정시간은 07:20 이며, 탑승인원은 427명 입니다",2024.1.29 6:32,사람,입항 예정
"금일(01일) 울릉크루즈 울릉(사동항) 입항 예정시간은 07:10 이며, 탑승인원은 404명 입니다",2024.2.1 6:30,사람,입항 예정
"금일(02일) 울릉크루즈 울릉(사동항) 입항 예정시간은 08:20 이며, 탑승인원은 433명 입니다",2024.2.2 6:13,사람,입항 예정
"금일(03일) 울릉크루즈 울릉(사동항) 입항 예정시간은 07:10 이며, 탑승인원은 827명 입니다",2024.2.3 6:38,사람,입항 예정
"금일(04일) 울릉크루즈 울릉(사동항) 입항 예정시간은 07:20 이며, 탑승인원은 338명 입니다",2024.2.4 6:30,사람,입항 예정
[울릉크루즈]2월5일 새벽 사동항내 강한 돌풍이 예보되어 선박 이접안상 예인선 부족으로 안전운항을 위해 통제했습니다.,2024.2.4 11:46,사람,미정
"금일(06일) 울릉크루즈 울릉(사동항) 입항 예정시간은 07:30 이며, 탑승인원은 254명 입니다",2024.2.6 6:37,사람,입항 예정
"금일(07일) 울릉크루즈 울릉(사동항) 입항 예정시간은 07:30 이며, 탑승인원은 200명 입니다",2024.2.7 6:35,사람,입항 예정
"금일(08일) 울릉크루즈 울릉(사동항) 입항 예정시간은 07:30 이며, 탑승인원은 228명 입니다",2024.2.8 6:32,사람,입항 예정
"금일(09일) 울릉크루즈 울릉(사동항) 입항 예정시간은 07:30 이며, 탑승인원은 654명 입니다",2024.2.9 6:35,사람,입항 예정
"금일(10일) 울릉크루즈 울릉(사동항) 입항 예정시간은 07:30 이며, 탑승인원은 441명 입니다",2024.2.10 6:35,사람,입항 예정
"금일(11일) 울릉크루즈 울릉(사동항) 입항 예정시간은 07:30 이며, 탑승인원은 307명 입니다",2024.2.11 6:45,사람,입항 예정
"금일(12일) 울릉크루즈 울릉(사동항) 입항 예정시간은 07:30 이며, 탑승인원은 300명 입니다",2024.2.12 6:32,사람,입항 예정
"금일(13일) 울릉크루즈 울릉(사동항) 입항 예정시간은 07:30 이며, 탑승인원은 567명 입니다",2024.2.13 6:35,사람,입항 예정
"금일(14일) 울릉크루즈 울릉(사동항) 입항 예정시간은 07:30 이며, 탑승인원은 592명 입니다",2024.2.14 6:34,사람,입항 예정
"금일(15일) 울릉크루즈 울릉(사동항) 입항 예정시간은 07:15 이며, 탑승인원은 464명 입니다",2024.2.15 5:59,사람,입항 예정
"금일(17일) 울릉크루즈 울릉(사동항) 입항 예정시간은 07:30 이며, 탑승인원은 911명 입니다",2024.2.17 6:34,사람,입항 예정
"금일(18일) 울릉크루즈 울릉(사동항) 입항 예정시간은 07:30 이며, 탑승인원은 446명 입니다.",2024.2.18 6:40,사람,입항 예정
"금일(23일) 울릉크루즈 울릉(사동항) 입항 예정시간은 07:30 이며, 탑승인원은 825명 입니다",2024.2.23 6:39,사람,입항 예정
"금일(24일) 울릉크루즈 울릉(사동항) 입항 예정시간은 07:20 이며, 탑승인원은 709명 입니다",2024.2.24 6:34,사람,입항 예정
"금일(26일) 울릉크루즈 울릉(사동항) 입항 예정시간은 07:20 이며, 탑승인원은 536명 입니다",2024.2.26 6:34,사람,입항 예정
"금일(27일) 울릉크루즈 울릉(사동항) 입항 예정시간은 07:20 이며, 탑승인원은 477명 입니다",2024.2.27 6:33,사람,입항 예정
"금일(28일) 울릉크루즈 울릉(사동항) 입항 예정시간은 07:20 이며, 탑승인원은 486명 입니다",2024.2.28 6:34,사람,입항 예정
"금일(29일) 울릉크루즈 울릉(사동항) 입항 예정시간은 07:20 이며, 탑승인원은 700명 입니다",2024.2.29 6:28,사람,입항 예정
"금일(01일) 울릉크루즈 울릉(사동항) 입항 예정시간은 07:10 이며, 탑승인원은 1,200명 입니다",2024.3.1 5:26,사람,입항 예정
"금일(03일) 울릉크루즈 울릉(사동항) 입항 예정시간은 07:10 이며, 탑승인원은 666명 입니다",2024.3.3 5:33,사람,입항 예정
"금일(04일) 울릉크루즈 울릉(사동항) 입항 예정시간은 07:00 이며, 탑승인원은 506명 입니다",2024.3.4 5:30,사람,입항 예정
"금일(05일) 울릉크루즈 울릉(사동항) 입항 예정시간은 07:00 이며, 탑승인원은 472명 입니다",2024.3.5 5:31,사람,입항 예정
"금일(06일) 울릉크루즈 울릉(사동항) 입항 예정시간은 07:05 이며, 탑승인원은 366명 입니다",2024.3.6 5:35,사람,입항 예정
"금일(07일) 울릉크루즈 울릉(사동항) 입항 예정시간은 07:00 이며, 탑승인원은 257명 입니다",2024.3.7 5:39,사람,입항 예정
"금일(08일) 울릉크루즈 울릉(사동항) 입항 예정시간은 07:00 이며, 탑승인원은 327명 입니다",2024.3.8 5:30,사람,입항 예정
"금일(09일) 울릉크루즈 울릉(사동항) 입항 예정시간은 07:00 이며, 탑승인원은 439명 입니다",2024.3.9 5:37,사람,입항 예정
"금일(09일) 울릉크루즈 울릉(사동항) 입항 예정시간은 07:15 이며, 탑승인원은 277명 입니다",2024.3.10 5:37,사람,입항 예정
"*정정* 금일(10일) 울릉크루즈 울릉(사동항) 입항 예정시간은 07:15 이며, 탑승인원은 277명 입니다",2024.3.10 5:37,사람,입항 예정
"금일(11일) 울릉크루즈 울릉(사동항) 입항 예정시간은 07:00 이며, 탑승인원은 633명 입니다",2024.3.11 5:34,사람,입항 예정
"(정정)금일(11일) 울릉크루즈 울릉(사동항) 입항 예정시간은 07:00 이며, 탑승인원은 582명 입니다",2024.3.11 6:06,사람,입항 예정
"금일(12일) 울릉크루즈 울릉(사동항) 입항 예정시간은 07:00 이며, 탑승인원은 542명 입니다",2024.3.12 5:33,사람,입항 예정
"금일(13일) 울릉크루즈 울릉(사동항) 입항 예정시간은 07:00 이며, 탑승인원은 466명 입니다",2024.3.13 5:36,사람,입항 예정
"금일(14일) 울릉크루즈 울릉(사동항) 입항 예정시간은 07:00 이며, 탑승인원은 398명 입니다",2024.3.14 5:39,사람,입항 예정
"금일(15일) 울릉크루즈 울릉(사동항) 입항 예정시간은 07:00 이며, 탑승인원은 368명 입니다",2024.3.15 5:28,사람,입항 예정
"금일(16일) 울릉크루즈 울릉(사동항) 입항 예정시간은 07:00 이며, 탑승인원은 660명 입니다",2024.3.16 5:33,사람,입항 예정
"금일(17일) 울릉크루즈 울릉(사동항) 입항 예정시간은 07:00 이며, 탑승인원은 400명 입니다",2024.3.17 5:32,사람,입항 예정
"금일(18일) 울릉크루즈 울릉(사동항) 입항 예정시간은 07:00 이며, 탑승인원은 500명 입니다",2024.3.18 5:35,사람,입항 예정
"금일(19일) 울릉크루즈 울릉(사동항) 입항 예정시간은 07:00 이며, 탑승인원은 477명 입니다",2024.3.19 5:33,사람,입항 예정
"금일(21일) 울릉크루즈 울릉(사동항) 입항 예정시간은 07:00 이며, 탑승인원은 471명 입니다",2024.3.21 5:34,사람,입항 예정
"금일(22일) 울릉크루즈 울릉(사동항) 입항 예정시간은 07:00 이며, 탑승인원은 691명 입니다",2024.3.22 5:33,사람,입항 예정
"금일(23일) 울릉크루즈 울릉(사동항) 입항 예정시간은 07:00 이며, 탑승인원은 819명 입니다",2024.3.23 5:31,사람,입항 예정
"금일(24일) 울릉크루즈 울릉(사동항) 입항 예정시간은 07:00 이며, 탑승인원은 320명 입니다",2024.3.24 5:31,사람,입항 예정
"금일(25일) 울릉크루즈 울릉(사동항) 입항 예정시간은 07:00 이며, 탑승인원은 555명 입니다",2024.3.25 5:36,사람,입항 예정
"금일(27일) 울릉크루즈 울릉(사동항) 입항 예정시간은 07:00 이며, 탑승인원은 868명 입니다",2024.3.27 5:33,사람,입항 예정
"금일(28일) 울릉크루즈 울릉(사동항) 입항 예정시간은 07:00 이며, 탑승인원은 476명 입니다",2024.3.28 5:33,사람,입항 예정
"금일(29일) 울릉크루즈 울릉(사동항) 입항 예정시간은 07:00 이며, 탑승인원은 542명 입니다",2024.3.29 5:35,사람,입항 예정
"금일(30일) 울릉크루즈 울릉(사동항) 입항 예정시간은 06:55 이며, 탑승인원은 1197명 입니다",2024.3.30 5:36,사람,입항 예정
"금일(31일) 울릉크루즈 울릉(사동항) 입항 예정시간은 06:50 이며, 탑승인원은 336명 입니다",2024.3.31 5:31,사람,입항 예정
"금일(01일) 울릉크루즈 울릉(사동항) 입항 예정시간은 06:35 이며, 탑승인원은 533명 입니다",2024.4.1 5:57,사람,입항 예정
"금일(02일) 울릉크루즈 울릉(사동항) 입항 예정시간은 06:30 이며, 탑승인원은 736명 입니다",2024.4.2 5:56,사람,입항 예정
"금일(03일) 울릉크루즈 울릉(사동항) 입항 예정시간은 06:40 이며, 탑승인원은 562명 입니다",2024.4.3 6:02,사람,입항 예정
"금일(04일) 울릉크루즈 울릉(사동항) 입항 예정시간은 07:00 이며, 탑승인원은 484명 입니다",2024.4.4 6:01,사람,입항 예정
금일(05일) 울릉크루즈 울릉(사동항) 입항 예정시간은 06:40 입니다.,2024.4.5 6:02,사람,입항 예정
금일(06일) 울릉크루즈 울릉(사동항) 입항 예정시간은 06:35 입니다.,2024.4.6 5:26,사람,입항 예정
금일(07일) 울릉크루즈 울릉(사동항) 입항 예정시간은 06:40입니다,2024.4.7 5:51,사람,입항 예정
"금일(08일) 울릉크루즈 울릉(사동항) 입항 예정시간은 06:35 이며, 탑승인원은 508명 입니다",2024.4.8 5:32,사람,입항 예정
"금일(09일) 울릉크루즈 울릉(사동항) 입항 예정시간은 07:20이며, 탑승인원은 430명 입니다",2024.4.9 5:35,사람,입항 예정
"금일(10일) 울릉크루즈 울릉(사동항) 입항 예정시간은 06:40이며, 탑승인원은 434명 입니다",2024.4.10 6:01,사람,입항 예정
"금일(11일) 울릉크루즈 울릉(사동항) 입항 예정시간은 06:40이며, 탑승인원은 573명 입니다",2024.4.11 6:03,사람,입항 예정
"금일(12일) 울릉크루즈 울릉(사동항) 입항 예정시간은 06:40이며, 탑승인원은 562명 입니다",2024.4.12 5:32,사람,입항 예정
"금일(13일) 울릉크루즈 울릉(사동항) 입항 예정시간은 06:40이며, 탑승인원은 1194명 입니다",2024.4.13 5:24,사람,입항 예정
"금일(14일) 울릉크루즈 울릉(사동항) 입항 예정시간은 06:40이며, 탑승인원은 515명 입니다",2024.4.14 5:14,사람,입항 예정
"금일(15일) 울릉크루즈 울릉(사동항) 입항 예정시간은 06:40이며, 탑승인원은 790명 입니다",2024.4.15 5:05,사람,입항 예정
"금일(16일) 울릉크루즈 울릉(사동항) 입항 예정시간은 06:40이며, 탑승인원은 865명 입니다",2024.4.16 5:13,사람,입항 예정
"금일(17일) 울릉크루즈 울릉(사동항) 입항 예정시간은 06:40이며, 탑승인원은 479명 입니다",2024.4.17 5:30,사람,입항 예정
"금일(18일) 울릉크루즈 울릉(사동항) 입항 예정시간은 06:40이며, 탑승인원은 734명 입니다",2024.4.18 5:41,사람,입항 예정
"금일(19일) 울릉크루즈 울릉(사동항) 입항 예정시간은 06:40이며, 탑승인원은 670 명 입니다",2024.4.19 5:44,사람,입항 예정
"금일(20일) 울릉크루즈 울릉(사동항) 입항 예정시간은 06:40이며, 탑승인원은 1.193 명 입니다.",2024.4.20 5:36,사람,입항 예정
"금일(21일) 울릉크루즈 울릉(사동항) 입항 예정시간은 06:40이며, 탑승인원은 623 명 입니다.",2024.4.21 5:37,사람,입항 예정
"금일(22일) 울릉크루즈 울릉(사동항) 입항 예정시간은 06:40이며, 탑승인원은 702 명 입니다.",2024.4.22 5:36,사람,입항 예정
"금일(23일) 울릉크루즈 울릉(사동항) 입항 예정시간은 06:40이며, 탑승인원은 949명 입니다.",2024.4.23 5:46,사람,입항 예정
"금일(24일) 울릉크루즈 울릉(사동항) 입항 예정시간은 06:45이며, 탑승인원은 795명 입니다.",2024.4.24 5:33,사람,입항 예정
"금일(25일) 울릉크루즈 울릉(사동항) 입항 예정시간은 06:40이며, 탑승인원은 596명 입니다.",2024.4.25 5:46,사람,입항 예정
"금일(26일) 울릉크루즈 울릉(사동항) 입항 예정시간은 06:45이며, 탑승인원은 900명 입니다.",2024.4.26 5:40,사람,입항 예정
"금일(27일) 울릉크루즈 울릉(사동항) 입항 예정시간은 06:40이며, 탑승인원은 1175명 입니다.",2024.4.27 5:28,사람,입항 예정
"금일(28일) 울릉크루즈 울릉(사동항) 입항 예정시간은 06:40이며, 탑승인원은 812명 입니다.",2024.4.28 5:27,사람,입항 예정
"금일(29일) 울릉크루즈 울릉(사동항) 입항 예정시간은 06:40이며, 탑승인원은 956명 입니다.",2024.4.29 5:44,사람,입항 예정
"금일(30일) 울릉크루즈 울릉(사동항) 입항 예정시간은 06:40이며, 탑승인원은 677명 입니다.",2024.4.30 5:42,사람,입항 예정
엘도라도익스프레스호  포항→울릉 울릉주민 승선쿠폰 이벤트 진행(기간:24.5.1~8.31)자세한 내용은 대저페리 홈페이지를 참조하여 주시기 바랍니다.,2024.4.30 16:32,사람,미정
"금일(01일) 울릉크루즈 울릉(사동항) 입항 예정시간은 06:30이며, 탑승인원은 693명 입니다.",2024.5.1 5:59,사람,입항 예정
엘도라도익스프레스호 포항→울릉 울릉주민 승선쿠폰 이벤트 진행(기간:24.5.1~8.31)자세한 내용은 대저페리 홈페이지를 참조하여 주시기 바랍니다.,2024.5.1 16:48,사람,미정
"금일(02일) 울릉크루즈 울릉(사동항) 입항 예정시간은 06:30이며, 탑승인원은 815명 입니다.",2024.5.2 5:47,사람,입항 예정
"금일(03일) 울릉크루즈 울릉(사동항) 입항 예정시간은 06:30이며, 탑승인원은 706명 입니다.",2024.5.3 5:43,사람,입항 예정
"금일(04일) 울릉크루즈 울릉(사동항) 입항 예정시간은 06:30이며, 탑승인원은 1200명 입니다.",2024.5.4 5:24,사람,입항 예정
"금일(05일) 울릉크루즈 울릉(사동항) 입항 예정시간은 06:30이며, 탑승인원은 965명 입니다.",2024.5.5 5:25,사람,입항 예정
"금일(06일) 울릉크루즈 울릉(사동항) 입항 예정시간은 16:30이며, 탑승인원은 423명 입니다.",2024.5.6 15:50,사람,입항 예정
"금일(05일) 울릉크루즈 울릉(사동항) 입항 예정시간은 09:20이며, 탑승인원은 544명 입니다.",2024.5.7 7:17,사람,입항 예정
"정정 금일(07일) 울릉크루즈 울릉(사동항) 입항 예정시간은 09:20이며, 탑승인원은 544명 입니다.",2024.5.7 7:18,사람,입항 예정
"금일(08일) 울릉크루즈 울릉(사동항) 입항 예정시간은 07:05이며, 탑승인원은 869명 입니다.",2024.5.8 5:53,사람,입항 예정
"금일(09일) 울릉크루즈 울릉(사동항) 입항 예정시간은 06:45이며, 탑승인원은 866명 입니다.",2024.5.9 5:34,사람,입항 예정
"금일(10일) 울릉크루즈 울릉(사동항) 입항 예정시간은 06:35이며, 탑승인원은 611명 입니다.",2024.5.10 5:48,사람,입항 예정
"금일(11일) 울릉크루즈 울릉(사동항) 입항 예정시간은 06:20분이며, 탑승인원은 1134명 입니다.",2024.5.11 5:33,사람,입항 예정
"금일(12일) 울릉크루즈 울릉(사동항) 입항 예정시간은 07:20분이며, 탑승인원은 1003명 입니다.",2024.5.12 5:45,사람,입항 예정
"금일(13일) 울릉크루즈 울릉(사동항) 입항 예정시간은 06:30분이며, 탑승인원은 877명 입니다.",2024.5.13 6:03,사람,입항 예정
"금일(14일) 울릉크루즈 울릉(사동항) 입항 예정시간은 06:40분이며, 탑승인원은 546명 입니다.",2024.5.14 5:32,사람,입항 예정
"금일(15일) 울릉크루즈 울릉(사동항) 입항 예정시간은 06:40분이며, 탑승인원은 613명 입니다.",2024.5.15 5:36,사람,입항 예정
"금일(17일) 울릉크루즈 울릉(사동항) 입항 예정시간은 06:40분이며, 탑승인원은 804명 입니다.",2024.5.17 5:41,사람,입항 예정
"금일(18일) 울릉크루즈 울릉(사동항) 입항 예정시간은 06:40분이며, 탑승인원은 1118명 입니다.",2024.5.18 5:25,사람,입항 예정
"금일(19일) 울릉크루즈 울릉(사동항) 입항 예정시간은 06:40분이며, 탑승인원은 773 명 입니다.",2024.5.19 5:30,사람,입항 예정
"금일(20일) 울릉크루즈 울릉(사동항) 입항 예정시간은 06:40분이며, 탑승인원은  722명 입니다.",2024.5.20 5:53,사람,입항 예정
"금일(21일) 울릉크루즈 울릉(사동항) 입항 예정시간은 06:40분이며, 탑승인원은 1042명 입니다.",2024.5.21 5:27,사람,입항 예정
"금일(22일) 울릉크루즈 울릉(사동항) 입항 예정시간은 06:40분이며, 탑승인원은 819명 입니다.",2024.5.22 6:00,사람,입항 예정
"일(23일) 울릉크루즈 울릉(사동항) 입항 예정시간은 06:40분이며, 탑승인원은 801명 입니다.",2024.5.23 5:54,사람,입항 예정
"금일(24일) 울릉크루즈 울릉(사동항) 입항 예정시간은 06:40분이며, 탑승인원은 839명 입니다.",2024.5.24 5:26,사람,입항 예정
"금일(25일) 울릉크루즈 울릉(사동항) 입항 예정시간은 06:40분이며, 탑승인원은 1182명 입니다.",2024.5.25 5:44,사람,입항 예정
"금일(26일) 울릉크루즈 울릉(사동항) 입항 예정시간은 06:40분이며, 탑승인원은 901명 입니다.",2024.5.26 5:25,사람,입항 예정
"금일(27일) 울릉크루즈 울릉(사동항) 입항 예정시간은 07:30분이며, 탑승인원은 733명 입니다.",2024.5.27 6:02,사람,입항 예정
"금일(28일) 울릉크루즈 울릉(사동항) 입항 예정시간은 06:40분이며, 탑승인원은 1,014명 입니다.",2024.5.28 5:57,사람,입항 예정
"금일(29일) 울릉크루즈 울릉(사동항) 입항 예정시간은 06:30분이며, 탑승인원은 895명 입니다.",2024.5.29 6:05,사람,입항 예정
"금일(30일) 울릉크루즈 울릉(사동항) 입항 예정시간은 06:30분이며, 탑승인원은 984명 입니다.",2024.5.30 5:29,사람,입항 예정
"금일(31일) 울릉크루즈 울릉(사동항) 입항 예정시간은 06:30분이며, 탑승인원은 726명 입니다.",2024.5.31 5:08,사람,입항 예정
"금일(01일) 울릉크루즈 울릉(사동항) 입항 예정시간은 06:25분이며, 탑승인원은 1094명 입니다.",2024.6.1 5:17,사람,입항 예정
"금일(02일) 울릉크루즈 울릉(사동항) 입항 예정시간은 07:20분이며, 탑승인원은 670명 입니다.",2024.6.2 5:25,사람,입항 예정
"금일(03일) 울릉크루즈 울릉(사동항) 입항 예정시간은 06:25분이며, 탑승인원은 809명 입니다.",2024.6.3 5:20,사람,입항 예정
"금일(04일) 울릉크루즈 울릉(사동항) 입항 예정시간은 06:25분이며, 탑승인원은 639명 입니다.",2024.6.4 5:48,사람,입항 예정
"금일(05일) 울릉크루즈 울릉(사동항) 입항 예정시간은 06:25분이며, 탑승인원은 532명 입니다.",2024.6.5 5:13,사람,입항 예정
"금일(06일) 울릉크루즈 울릉(사동항) 입항 예정시간은 06:25분이며, 탑승인원은 1,200명 입니다.",2024.6.6 5:45,사람,입항 예정
"금일(07일) 울릉크루즈 울릉(사동항) 입항 예정시간은 06:25분이며, 탑승인원은 1159명 입니다.",2024.6.7 5:41,사람,입항 예정
"금일(08일) 울릉크루즈 울릉(사동항) 입항 예정시간은 06:25분이며, 탑승인원은 907명 입니다.",2024.6.8 5:35,사람,입항 예정
"금일(09일) 울릉크루즈 울릉(사동항) 입항 예정시간은 06:25분이며, 탑승인원은 595명 입니다.",2024.6.9 5:40,사람,입항 예정
"금일(10일) 울릉크루즈 울릉(사동항) 입항 예정시간은 06:20분이며, 탑승인원은 617명 입니다.",2024.6.10 5:33,사람,입항 예정
"금일(11일) 울릉크루즈 울릉(사동항) 입항 예정시간은 06:25분이며, 탑승인원은 892명 입니다.",2024.6.11 5:37,사람,입항 예정
"금일(12일) 울릉크루즈 울릉(사동항) 입항 예정시간은 06:40분이며, 탑승인원은 552명 입니다.",2024.6.12 5:23,사람,입항 예정
"대저페리 엘도라도EX호는  ~6/25 까지 사동항으로 출입항하오니, 해당기간 인터넷(가보고싶은섬)예매는 울릉(사동) 클릭 후 예매 해주세요",2024.6.12 16:15,사람,미정
"금일(13일) 울릉크루즈 울릉(사동항) 입항 예정시간은 06:40분이며, 탑승인원은 591명 입니다.",2024.6.13 6:03,사람,입항 예정
"대저페리 엘도라도EX호는 6/25 까지 사동항으로 출입항하오니, 해당기간 인터넷(가보고싶은섬)예매는 울릉(사동) 클릭 후 예매 해주세요",2024.6.13 6:58,사람,미정
"대저페리 엘도라도EX호는 6/25 까지 사동항으로 출입항하오니, 해당기간 인터넷(가보고싶은섬)예매는 울릉(사동) 클릭 후 예매 해주세요",2024.6.13 15:10,사람,미정
"금일(14일) 울릉크루즈 울릉(사동항) 입항 예정시간은 06:40분이며, 탑승인원은 707명 입니다.",2024.6.14 5:28,사람,입항 예정
"대저페리 엘도라도EX호는 6/25 까지 사동항으로 출입항하오니, 해당기간 인터넷(가보고싶은섬)예매는 울릉(사동) 클릭 후 예매 해주세요",2024.6.14 6:58,사람,미정
"대저페리 엘도라도EX호는 6/25 까지 사동항으로 출입항하오니, 해당기간 인터넷(가보고싶은섬)예매는 울릉(사동) 클릭 후 예매 해주세요",2024.6.14 15:21,사람,미정
"금일(15일) 울릉크루즈 울릉(사동항) 입항 예정시간은 06:40분이며, 탑승인원은 1.038명 입니다.",2024.6.15 5:24,사람,입항 예정
"대저페리 엘도라도EX호는 6/25 까지 사동항으로 출입항하오니, 해당기간 인터넷(가보고싶은섬)예매는 울릉(사동) 클릭 후 예매 해주세요",2024.6.15 15:12,사람,미정
"금일(16일) 울릉크루즈 울릉(사동항) 입항 예정시간은 06:40분이며, 탑승인원은 459명 입니다.",2024.6.16 5:33,사람,입항 예정
"대저페리 엘도라도EX호는 6/25 까지 사동항으로 출입항하오니, 해당기간 인터넷(가보고싶은섬)예매는 울릉(사동) 클릭 후 예매 해주세요",2024.6.16 14:44,사람,미정
"금일(17일) 울릉크루즈 울릉(사동항) 입항 예정시간은 06:40분이며, 탑승인원은 518명 입니다.",2024.6.17 5:19,사람,입항 예정
(롯데택배) 사동항 울릉크루즈 차량매표소 옆(건영택배자리)에서 당일택배 접수를 받습니다. 접수는 06시30분~10시10분까지 입니다. 많은 성원 부탁드립니다. 감사합니다. 문의전화 010-5322-3926,2024.6.17 8:38,사람,미정
"대저페리 엘도라도EX호는 6/25 까지 사동항으로 출입항하오니, 해당기간 인터넷(가보고싶은섬)예매는 울릉(사동) 클릭 후 예매 해주세요",2024.6.17 15:09,사람,미정
"금일(18일) 울릉크루즈 울릉(사동항) 입항 예정시간은 06:40분이며, 탑승인원은 796명 입니다.",2024.6.18 5:24,사람,입항 예정
"대저페리 엘도라도EX호는 6/25 까지 사동항으로 출입항하오니, 해당기간 인터넷(가보고싶은섬)예매는 울릉(사동) 클릭 후 예매 해주세요",2024.6.18 6:59,사람,미정
"대저페리 엘도라도EX호는 6/25 까지 사동항으로 출입항하오니, 해당기간 인터넷(가보고싶은섬)예매는 울릉(사동) 클릭 후 예매 해주세요",2024.6.18 16:52,사람,미정
"금일(19일) 울릉크루즈 울릉(사동항) 입항 예정시간은 06:40분이며, 탑승인원은 638명 입니다.",2024.6.19 5:35,사람,입항 예정
"대저페리 엘도라도EX호는 6/25 까지 사동항으로 출입항하오니, 해당기간 인터넷(가보고싶은섬)예매는 울릉(사동) 클릭 후 예매 해주시기 바랍니다.",2024.6.19 6:57,사람,미정
"대저페리 엘도라도EX호는 6/25 까지 사동항으로 출입항하오니, 해당기간 인터넷(가보고싶은섬)예매는 울릉(사동) 클릭 후 예매 해주시기 바랍니다.",2024.6.19 14:59,사람,미정
"금일(20일) 울릉크루즈 울릉(사동항) 입항 예정시간은 06:40분이며, 탑승인원은 548명 입니다.",2024.6.20 5:20,사람,입항 예정
"대저페리 엘도라도EX호는 6/25 까지 사동항으로 출입항하오니, 해당기간 인터넷(가보고싶은섬)예매는 울릉(사동) 클릭 후 예매 해주시기 바랍니다.",2024.6.20 6:59,사람,미정
(롯데택배) 사동항 울릉크루즈 차량매표소 옆(건영택배자리)에서 당일택배 접수를 받습니다. 접수는 06시30분~10시10분까지 입니다. 많은 성원 부탁드립니다. 감사합니다. 문의전화 010-5322-3926,2024.6.20 7:48,사람,미정
"대저페리 엘도라도EX호는 6월30일까지 사동항으로 출입항하오니, 해당기간 인터넷(가보고싶은섬)예매는 울릉(사동) 클릭 후 예매 해주시기 바랍니다.",2024.6.20 15:16,사람,미정
"금일(21일) 울릉크루즈 울릉(사동항) 입항 예정시간은 06:40분이며, 탑승인원은 968명 입니다.",2024.6.21 5:25,사람,입항 예정
"대저페리 엘도라도EX호는 6월30일까지 사동항으로 출입항하오니, 해당기간 인터넷(가보고싶은섬)예매는 울릉(사동) 클릭 후 예매 해주시기 바랍니다.",2024.6.21 7:02,사람,미정
(롯데택배) 사동항 울릉크루즈 차량매표소 옆(건영택배자리)에서 당일택배 접수를 받습니다. 접수는 06시30분~10시20분까지 입니다. 많은 성원 부탁드립니다. 감사합니다. 문의전화 010-5322-3926,2024.6.21 9:09,사람,미정
"대저페리 엘도라도EX호는 6월30일까지 사동항으로 출입항하오니, 해당기간 인터넷(가보고싶은섬)예매는 울릉(사동) 클릭 후 예매 해주시기 바랍니다.",2024.6.21 15:00,사람,미정
"금일(22일) 울릉크루즈 울릉(사동항) 입항 예정시간은 06:40분이며, 탑승인원은 1.052명 입니다.",2024.6.22 5:20,사람,입항 예정
"대저페리 엘도라도EX호는 6월30일까지 사동항으로 출입항하오니, 해당기간 인터넷(가보고싶은섬)예매는 울릉(사동) 클릭 후 예매 해주시기 바랍니다.",2024.6.22 14:58,사람,미정
"금일(23일) 울릉크루즈 울릉(사동항) 입항 예정시간은 06:40분이며, 탑승인원은 434명 입니다.",2024.6.23 5:17,사람,입항 예정
"대저페리 엘도라도EX호는 6월30일까지 사동항으로 출입항하오니, 해당기간 인터넷(가보고싶은섬)예매는 울릉(사동) 클릭 후 예매 해주시기 바랍니다.",2024.6.23 7:00,사람,미정
"대저페리 엘도라도EX호는 6월30일까지 사동항으로 출입항하오니, 해당기간 인터넷(가보고싶은섬)예매는 울릉(사동) 클릭 후 예매 해주시기 바랍니다.",2024.6.23 17:34,사람,미정
"금일(24일) 울릉크루즈 울릉(사동항) 입항 예정시간은 06:40분이며, 탑승인원은 677명 입니다.",2024.6.24 5:07,사람,입항 예정
(롯데택배) 사동항 울릉크루즈 차량매표소 옆(건영택배자리)에서 당일택배 접수를 받습니다. 접수는 06시30분~10시20분까지 입니다. 많은 성원 부탁드립니다. 감사합니다. 문의전화 010-5322-3926,2024.6.24 6:55,사람,미정
"대저페리 엘도라도EX호는 6월30일까지 사동항으로 출입항하오니, 해당기간 인터넷(가보고싶은섬)예매는 울릉(사동) 클릭 후 예매 해주시기 바랍니다.",2024.6.24 16:43,사람,미정
"금일(25일) 울릉크루즈 울릉(사동항) 입항 예정시간은 06:40분이며, 탑승인원은 647명 입니다.",2024.6.25 5:29,사람,입항 예정
"대저페리 엘도라도EX호는 6월30일까지 사동항으로 출입항하오니, 해당기간 인터넷(가보고싶은섬)예매는 울릉(사동) 클릭 후 예매 해주시기 바랍니다.",2024.6.25 15:03,사람,미정
"금일(26일) 울릉크루즈 울릉(사동항) 입항 예정시간은 06:40분이며, 탑승인원은 491명 입니다.",2024.6.26 5:36,사람,입항 예정
"대저페리 엘도라도EX호는 6월30일까지 사동항으로 출입항하오니, 해당기간 인터넷(가보고싶은섬)예매는 울릉(사동) 클릭 후 예매 해주시기 바랍니다.",2024.6.26 6:59,사람,미정
"대저페리 엘도라도EX호는 6월30일까지 사동항으로 출입항하오니, 해당기간 인터넷(가보고싶은섬)예매는 울릉(사동) 클릭 후 예매 해주시기 바랍니다.",2024.6.26 15:04,사람,미정
"금일(27일) 울릉크루즈 울릉(사동항) 입항 예정시간은 06:40분이며, 탑승인원은 404명 입니다.",2024.6.27 5:58,사람,입항 예정
"대저페리 엘도라도EX호는 6월30일까지 사동항으로 출입항하오니, 해당기간 인터넷(가보고싶은섬)예매는 울릉(사동) 클릭 후 예매 해주시기 바랍니다.",2024.6.27 8:24,사람,미정
"대저페리 엘도라도EX호는 6월30일까지 사동항으로 출입항하오니, 해당기간 인터넷(가보고싶은섬)예매는 울릉(사동) 클릭 후 예매 해주시기 바랍니다.",2024.6.27 15:28,사람,미정
"금일(28일) 울릉크루즈 울릉(사동항) 입항 예정시간은 06:25분이며, 탑승인원은 599명 입니다.",2024.6.28 5:52,사람,입항 예정
"대저페리 엘도라도EX호는 6월30일까지 사동항으로 출입항하오니, 해당기간 인터넷(가보고싶은섬)예매는 울릉(사동) 클릭 후 예매 해주시기 바랍니다.",2024.6.28 6:59,사람,미정
"대저페리 엘도라도EX호는 6월30일까지 사동항으로 출입항하오니, 해당기간 인터넷(가보고싶은섬)예매는 울릉(사동) 클릭 후 예매 해주시기 바랍니다.",2024.6.28 15:02,사람,미정
"금일(29일) 울릉크루즈 울릉(사동항) 입항 예정시간은 06:25분이며, 탑승인원은 875명 입니다.",2024.6.29 5:54,사람,입항 예정
"대저페리 엘도라도EX호는 6월30일까지 사동항으로 출입항하오니, 해당기간 인터넷(가보고싶은섬)예매는 울릉(사동) 클릭 후 예매 해주시기 바랍니다.",2024.6.29 6:59,사람,미정
"금일(01일) 울릉크루즈 울릉(사동항) 입항 예정시간은 06:25분이며, 탑승인원은739 명 입니다.",2024.7.1 5:53,사람,입항 예정
"금일(02일) 울릉크루즈 울릉(사동항) 입항 예정시간은 06:25분이며, 탑승인원은409 명 입니다.",2024.7.2 5:54,사람,입항 예정
"금일(05일) 울릉크루즈 울릉(사동항) 입항 예정시간은 06:30분이며, 탑승인원은574명 입니다.",2024.7.5 5:33,사람,입항 예정
"금일(05일) 울릉크루즈 울릉(사동항) 입항 예정시간은 06:25분이며, 탑승인원은665명 입니다.",2024.7.6 5:38,사람,입항 예정
"정정*금일(06일) 울릉크루즈 울릉(사동항) 입항 예정시간은 06:25분이며, 탑승인원은665명 입니다.",2024.7.6 5:40,사람,입항 예정
"금일(07일) 울릉크루즈 울릉(사동항) 입항 예정시간은 07:50분이며, 탑승인원은454명 입니다.",2024.7.7 5:24,사람,입항 예정
"*정정* 금일(07일) 울릉크루즈 울릉(사동항) 입항 예정시간은 07:35분이며, 탑승인원은454명 입니다.",2024.7.7 6:13,사람,입항 예정
"금일(08일) 울릉크루즈 울릉(사동항) 입항 예정시간은 06:25분이며, 탑승인원은525명 입니다.",2024.7.8 6:03,사람,입항 예정
"금일(09일) 울릉크루즈 울릉(사동항) 입항 예정시간은 07:10분이며, 탑승인원은 636명 입니다.",2024.7.9 6:02,사람,입항 예정
"금일(11일) 울릉크루즈 울릉(사동항) 입항 예정시간은 06:40분이며, 탑승인원은 565명 입니다.",2024.7.11 5:31,사람,입항 예정
"금일(12일) 울릉크루즈 울릉(사동항) 입항 예정시간은 06:40분이며, 탑승인원은 527명 입니다.",2024.7.12 5:31,사람,입항 예정
"금일(13일) 울릉크루즈 울릉(사동항) 입항 예정시간은 16:00분이며, 탑승인원은 332명 입니다.",2024.7.13 13:54,사람,입항 예정
"금일(15일) 울릉크루즈 울릉(사동항) 입항 예정시간은 06:40분이며, 탑승인원은 655명 입니다.",2024.7.15 5:36,사람,입항 예정
"금일 7월15일(월) 울릉크루즈에서 22:00부터 아우름 선상콘서트를 진행합니다(출연 박상민,장하온)",2024.7.15 20:24,사람,미정
"금일(16일) 울릉크루즈 울릉(사동항) 입항 예정시간은 06:40분이며, 탑승인원은 708명 입니다.",2024.7.16 5:32,사람,입항 예정
"금일(17일) 울릉크루즈 울릉(사동항) 입항 예정시간은 06:40분이며, 탑승인원은 407명 입니다.",2024.7.17 5:23,사람,입항 예정
(롯데택배) 7월18일(목요일) 기상악화로 인하여 울릉크루즈 출항이 오전10시로 변경되어 당일택배는 오전 9시20분까지 접수 가능합니다. 양해부탁드립니다. 감사합니다,2024.7.17 16:37,사람,출항
"금일(18일) 울릉크루즈 울릉(사동항) 입항 예정시간은 06:40분이며, 탑승인원은 312명 입니다.",2024.7.18 5:26,사람,입항 예정
(롯데택배) 7월18일(목요일) 기상악화로 인하여 울릉크루즈 출항이 오전10시로 변경되어 당일택배는 오전 9시까지 접수 가능합니다. 양해부탁드립니다. 감사합니다,2024.7.18 6:29,사람,출항
"금일(19일) 울릉크루즈 울릉(사동항) 입항 예정시간은 06:40분이며, 탑승인원은 357명 입니다.",2024.7.19 5:24,사람,입항 예정
"금일(20일) 울릉크루즈 울릉(사동항) 입항 예정시간은 06:40분이며, 탑승인원은 937명 입니다.",2024.7.20 5:27,사람,입항 예정
"금일(21일) 울릉크루즈 울릉(사동항) 입항 예정시간은 06:40분이며, 탑승인원은 479명 입니다.",2024.7.21 5:27,사람,입항 예정
"금일(22일) 울릉크루즈 울릉(사동항) 입항 예정시간은 06:40분이며, 탑승인원은 625명 입니다.",2024.7.22 5:37,사람,입항 예정
"금일(23일) 울릉크루즈 울릉(사동항) 입항 예정시간은 06:40분이며, 탑승인원은 633명 입니다.",2024.7.23 5:44,사람,입항 예정
"금일(24일) 울릉크루즈 울릉(사동항) 입항 예정시간은 06:40분이며, 탑승인원은 596명 입니다.",2024.7.24 5:24,사람,입항 예정
"금일(25일) 울릉크루즈 울릉(사동항) 입항 예정시간은 06:30분이며, 탑승인원은 744명 입니다.",2024.7.25 5:19,사람,입항 예정
"금일(26일) 울릉크루즈 울릉(사동항) 입항 예정시간은 06:30분이며, 탑승인원은 782명 입니다.",2024.7.26 5:22,사람,입항 예정
"금일(27일) 울릉크루즈 울릉(사동항) 입항 예정시간은 06:30분이며, 탑승인원은 1135명 입니다.",2024.7.27 5:25,사람,입항 예정
"금일(28일) 울릉크루즈 울릉(사동항) 입항 예정시간은 06:30분이며, 탑승인원은 1,009명 입니다.",2024.7.28 5:44,사람,입항 예정
"금일(29일) 울릉크루즈 울릉(사동항) 입항 예정시간은 06:30분이며, 탑승인원은 954명 입니다.",2024.7.29 5:23,사람,입항 예정
"금일(30일) 울릉크루즈 울릉(사동항) 입항 예정시간은 06:30분이며, 탑승인원은 941명 입니다.",2024.7.30 5:25,사람,입항 예정
"금일(31일) 울릉크루즈 울릉(사동항) 입항 예정시간은 06:30분이며, 탑승인원은 933명 입니다.",2024.7.31 5:19,사람,입항 예정
"금일(01일) 울릉크루즈 울릉(사동항) 입항 예정시간은 06:30분이며, 탑승인원은 1178명 입니다.",2024.8.1 5:46,사람,입항 예정
"금일(02일) 울릉크루즈 울릉(사동항) 입항 예정시간은 06:30분이며, 탑승인원은 1143명 입니다.",2024.8.2 5:28,사람,입항 예정
"금일(03일) 울릉크루즈 울릉(사동항) 입항 예정시간은 06:30분이며, 탑승인원은 887명 입니다.",2024.8.3 5:27,사람,입항 예정
"금일(04일) 울릉크루즈 울릉(사동항) 입항 예정시간은 06:30분이며, 탑승인원은 712명 입니다.",2024.8.4 5:26,사람,입항 예정
"금일(05일) 울릉크루즈 울릉(사동항) 입항 예정시간은 06:30분이며, 탑승인원은 940명 입니다.",2024.8.5 5:06,사람,입항 예정
금일(05일)울릉크루즈 전산프로그램 점검으로 인해 15:00~16:00 예약불가능,2024.8.5 9:33,사람,미정
"금일(06일) 울릉크루즈 울릉(사동항) 입항 예정시간은 06:30분이며, 탑승인원은 776명 입니다.",2024.8.6 5:30,사람,입항 예정
"금일(07일) 울릉크루즈 울릉(사동항) 입항 예정시간은 06:30분이며, 탑승인원은 504명 입니다.",2024.8.7 5:32,사람,입항 예정
"8월12일부터 적용(정기운항시간변경, 신규객실 오픈 및 운임변경), 8월16일부터 적용(선내 서비스정책 변경)등 울릉크루즈 홈페이지 중요 공지사항을 참조 부탁드립니다. https://www.ulcruise.co.kr",2024.8.7 16:22,사람,미정
"금일(07일) 울릉크루즈 울릉(사동항) 입항 예정시간은 06:40분이며, 탑승인원은 715명 입니다.",2024.8.8 5:22,사람,입항 예정
"금일(08일) 울릉크루즈 울릉(사동항) 입항 예정시간은 06:40분이며, 탑승인원은 715명 입니다.",2024.8.8 5:23,사람,입항 예정
"금일(09일) 울릉크루즈 울릉(사동항) 입항 예정시간은 06:40분이며, 탑승인원은 688명 입니다.",2024.8.9 5:48,사람,입항 예정
"금일(10일) 울릉크루즈 울릉(사동항) 입항 예정시간은 06:40분이며, 탑승인원은 640명 입니다.",2024.8.10 5:45,사람,입항 예정
"8월12일부터 적용(정기운항시간변경, 신규객실 오픈 및 운임변경), 8월16일부터 적용(선내 서비스정책 변경)등 울릉크루즈 홈페이지 중요 공지사항을 참조 부탁드립니다. https://www.ulcruise.co.kr",2024.8.10 5:46,사람,미정
"금일(11일) 울릉크루즈 울릉(사동항) 입항 예정시간은 06:40분이며, 탑승인원은 550명 입니다.",2024.8.11 5:37,사람,입항 예정
"8월12일부터 적용(정기운항시간변경, 신규객실 오픈 및 운임변경), 8월16일부터 적용(선내 서비스정책 변경)등 울릉크루즈 홈페이지 중요 공지사항을 참조 부탁드립니다. https://www.ulcruise.co.k",2024.8.11 14:28,사람,미정
"금일(12일) 울릉크루즈 울릉(사동항) 입항 예정시간은 06:40분이며, 탑승인원은 626명 입니다.",2024.8.12 5:24,사람,입항 예정
"금일(13일) 울릉크루즈 울릉(사동항) 입항 예정시간은 06:40분이며, 탑승인원은 685명 입니다.",2024.8.13 5:19,사람,입항 예정
"금일(14일) 울릉크루즈 울릉(사동항) 입항 예정시간은 06:40분이며, 탑승인원은 600명 입니다.",2024.8.14 5:29,사람,입항 예정
"금일(15일) 울릉크루즈 울릉(사동항) 입항 예정시간은 06:40분이며, 탑승인원은 1163명 입니다.",2024.8.15 5:21,사람,입항 예정
"금일(16일) 울릉크루즈 울릉(사동항) 입항 예정시간은 06:40분이며, 탑승인원은 1014명 입니다.",2024.8.16 5:44,사람,입항 예정
"금일(17일) 울릉크루즈 울릉(사동항) 입항 예정시간은 06:40분이며, 탑승인원은 576명 입니다.",2024.8.17 5:47,사람,입항 예정
"금일(18일) 울릉크루즈 울릉(사동항) 입항 예정시간은 06:40분이며, 탑승인원은 401명 입니다.",2024.8.18 5:31,사람,입항 예정
"금일(19일) 울릉크루즈 울릉(사동항) 입항 예정시간은 06:40분이며, 탑승인원은 568명 입니다.",2024.8.19 5:32,사람,입항 예정
"금일(20일) 울릉크루즈 울릉(사동항) 입항 예정시간은 06:40분이며, 탑승인원은 421명 입니다.",2024.8.20 5:39,사람,입항 예정
"금일(21일) 울릉크루즈 울릉(사동항) 입항 예정시간은 06:40분이며, 탑승인원은 518명 입니다.",2024.8.21 5:29,사람,입항 예정
"금일(22일) 울릉크루즈 울릉(사동항) 입항 예정시간은 06:40분이며, 탑승인원은 426명 입니다.",2024.8.22 5:19,사람,입항 예정
"금일(23일) 울릉크루즈 울릉(사동항) 입항 예정시간은 06:40분이며, 탑승인원은 615명 입니다.",2024.8.23 5:27,사람,입항 예정
"금일(24일) 울릉크루즈 울릉(사동항) 입항 예정시간은 06:40분이며, 탑승인원은 738명 입니다.",2024.8.24 5:36,사람,입항 예정
"금일(25일) 울릉크루즈 울릉(사동항) 입항 예정시간은 06:40분이며, 탑승인원은 382명 입니다.",2024.8.25 5:26,사람,입항 예정
"금일(26일) 울릉크루즈 울릉(사동항) 입항 예정시간은 06:40분이며, 탑승인원은 582명 입니다.",2024.8.26 5:24,사람,입항 예정
"금일(27일) 울릉크루즈 울릉(사동항) 입항 예정시간은 06:30분이며, 탑승인원은 591명 입니다.",2024.8.27 5:53,사람,입항 예정
"금일(28일) 울릉크루즈 울릉(사동항) 입항 예정시간은 06:30분이며, 탑승인원은 425명 입니다.",2024.8.28 5:50,사람,입항 예정
내일(29일) 울릉크루즈 뉴씨다오펄호는 태풍으로 인한 기상악화로  울릉출항12:20 > 10:20 으로 시간변경하여 운항합니다. 문의사항 1533-3370,2024.8.28 14:56,사람,출항
"금일(29일) 울릉크루즈 울릉(사동항) 입항 예정시간은 06:35분이며, 탑승인원은 545명 입니다.",2024.8.29 5:28,사람,입항 예정
"금일(30일) 울릉크루즈 울릉(사동항) 입항 예정시간은 08:20분이며, 탑승인원은 494명 입니다.",2024.8.30 5:37,사람,입항 예정
"정정;금일(30일) 울릉크루즈 울릉(사동항) 입항 예정시간은 08:00분이며, 탑승인원은 494명 입니다.",2024.8.30 5:57,사람,입항 예정
"금일(31일) 울릉크루즈 울릉(사동항) 입항 예정시간은 06:30분이며, 탑승인원은 734명 입니다.",2024.8.31 5:48,사람,입항 예정
"금일(1일) 울릉크루즈 울릉(사동항) 입항 예정시간은 06:50분이며, 탑승인원은 295명 입니다.",2024.9.1 5:29,사람,입항 예정
"금일(2일) 울릉크루즈 울릉(사동항) 입항 예정시간은 06:30분이며, 탑승인원은 516명 입니다.",2024.9.2 5:48,사람,입항 예정
"금일(5일) 울릉크루즈 울릉(사동항) 입항 예정시간은 06:30분이며, 탑승인원은 673명 입니다.",2024.9.5 5:57,사람,입항 예정
"금일(10일) 울릉크루즈 울릉(사동항) 입항 예정시간은 06:30분이며, 탑승인원은 609명 입니다.",2024.9.10 5:22,사람,입항 예정
"금일(11일) 울릉크루즈 울릉(사동항) 입항 예정시간은 06:40분이며, 탑승인원은 260명 입니다.",2024.9.11 5:58,사람,입항 예정
"금일(12일) 울릉크루즈 울릉(사동항) 입항 예정시간은 06:40분이며, 탑승인원은 272명 입니다",2024.9.12 5:45,사람,입항 예정
"금일(14일) 울릉크루즈 울릉(사동항) 입항 예정시간은 06:40분이며, 탑승인원은 1,125명 입니다",2024.9.14 6:07,사람,입항 예정
"금일(15일) 울릉크루즈 울릉(사동항) 입항 예정시간은 06:40분이며, 탑승인원은 1,146명 입니다",2024.9.15 6:08,사람,입항 예정
"금일(16일) 울릉크루즈 울릉(사동항) 입항 예정시간은 06:40분이며, 탑승인원은 1,145명 입니다",2024.9.16 5:58,사람,입항 예정
"금일(17일) 울릉크루즈 울릉(사동항) 입항 예정시간은 06:40분이며, 탑승인원은 449명 입니다",2024.9.17 5:42,사람,입항 예정
"금일(18일) 울릉크루즈 울릉(사동항) 입항 예정시간은 06:40분이며, 탑승인원은 759명 입니다",2024.9.18 5:33,사람,입항 예정
"금일(19일) 울릉크루즈 울릉(사동항) 입항 예정시간은 06:40분이며, 탑승인원은 841명 입니다",2024.9.19 5:43,사람,입항 예정
"금일(20일) 울릉크루즈 울릉(사동항) 입항 예정시간은 06:40분이며, 탑승인원은 672명 입니다",2024.9.20 5:50,사람,입항 예정
"금일(23일) 울릉크루즈 울릉(사동항) 입항 예정시간은 06:40분이며, 탑승인원은 988명 입니다",2024.9.23 5:48,사람,입항 예정
"*정정 *금일(23일) 울릉크루즈 울릉(사동항) 입항 예정시간은 07:30분이며, 탑승인원은 988명 입니다",2024.9.23 5:49,사람,입항 예정
"금일(23일) 울릉크루즈 울릉(사동항) 입항 예정시간은 07:30분이며, 탑승인원은 988명 입니다",2024.9.23 5:56,사람,입항 예정
"금일(24일) 울릉크루즈 울릉(사동항) 입항 예정시간은 06:40분이며, 탑승인원은 790명 입니다",2024.9.24 5:34,사람,입항 예정
"금일(25일) 울릉크루즈 울릉(사동항) 입항 예정시간은 06:40분이며, 탑승인원은 804명 입니다",2024.9.25 5:42,사람,입항 예정
"금일(26일) 울릉크루즈 울릉(사동항) 입항 예정시간은 06:40분이며, 탑승인원은 765명 입니다",2024.9.26 5:44,사람,입항 예정
"금일(27일) 울릉크루즈 울릉(사동항) 입항 예정시간은 06:40분이며, 탑승인원은 775명 입니다",2024.9.27 6:09,사람,입항 예정
"금일(28일) 울릉크루즈 울릉(사동항) 입항 예정시간은 06:30분이며, 탑승인원은 1167명 입니다",2024.9.28 5:37,사람,입항 예정
"금일(29일) 울릉크루즈 울릉(사동항) 입항 예정시간은 06:30분이며, 탑승인원은 580명 입니다.",2024.9.29 5:52,사람,입항 예정
"금일(30일) 울릉크루즈 울릉(사동항) 입항 예정시간은 06:30분이며, 탑승인원은 661명 입니다.",2024.9.30 5:29,사람,입항 예정
"금일(1일) 울릉크루즈 울릉(사동항) 입항 예정시간은 06:30분이며, 탑승인원은 816명 입니다.",2024.10.1 5:33,사람,입항 예정
"금일(2일) 울릉크루즈 울릉(사동항) 입항 예정시간은 06:30분이며, 탑승인원은 686명 입니다.",2024.10.2 5:38,사람,입항 예정
"금일(3일) 울릉크루즈 울릉(사동항) 입항 예정시간은 06:35분이며, 탑승인원은 1099명 입니다.",2024.10.3 5:38,사람,입항 예정
"금일(4일) 울릉크루즈 울릉(사동항) 입항 예정시간은 08:40분이며, 탑승인원은 1077명 입니다.",2024.10.4 7:28,사람,입항 예정
"금일(5일) 울릉크루즈 울릉(사동항) 입항 예정시간은 06:30분이며, 탑승인원은 852명 입니다.",2024.10.5 5:39,사람,입항 예정
"금일(06일) 울릉크루즈 울릉(사동항) 입항 예정시간은 06:30분이며, 탑승인원은 694명 입니다.",2024.10.6 5:51,사람,입항 예정
"금일(07일) 울릉크루즈 울릉(사동항) 입항 예정시간은 06:30분이며, 탑승인원은 699명 입니다.",2024.10.7 5:35,사람,입항 예정
"금일(08일) 울릉크루즈 울릉(사동항) 입항 예정시간은 06:30분이며, 탑승인원은 453명 입니다.",2024.10.8 5:43,사람,입항 예정
"금일(09일) 울릉크루즈 울릉(사동항) 입항 예정시간은 06:30분이며, 탑승인원은 802명 입니다.",2024.10.9 5:37,사람,입항 예정
"금일(10일) 울릉크루즈 울릉(사동항) 입항 예정시간은 06:30분이며, 탑승인원은 716명 입니다.",2024.10.10 5:49,사람,입항 예정
"금일(11일) 울릉크루즈 울릉(사동항) 입항 예정시간은 06:40분이며, 탑승인원은 624명 입니다.",2024.10.11 5:53,사람,입항 예정
"금일(12일) 울릉크루즈 울릉(사동항) 입항 예정시간은 06:40분이며, 탑승인원은 986명 입니다.",2024.10.12 5:30,사람,입항 예정
"금일(13일) 울릉크루즈 울릉(사동항) 입항 예정시간은 06:40분이며, 탑승인원은 532명 입니다.",2024.10.13 5:35,사람,입항 예정
"금일(14일) 울릉크루즈 울릉(사동항) 입항 예정시간은 06:40분이며, 탑승인원은 638명 입니다.",2024.10.14 5:27,사람,입항 예정
"금일(15일) 울릉크루즈 울릉(사동항) 입항 예정시간은 06:40분이며, 탑승인원은 993명 입니다.",2024.10.15 6:01,사람,입항 예정
"금일(16일) 울릉크루즈 울릉(사동항) 입항 예정시간은 06:40분이며, 탑승인원은 498명 입니다.",2024.10.16 5:41,사람,입항 예정
"금일(17일) 울릉크루즈 울릉(사동항) 입항 예정시간은 06:40분이며, 탑승인원은 604명 입니다.",2024.10.17 5:56,사람,입항 예정
"금일(18일) 울릉크루즈 울릉(사동항) 입항 예정시간은 06:40분이며, 탑승인원은 575명 입니다.",2024.10.18 5:50,사람,입항 예정
"금일(19일) 울릉크루즈 울릉(사동항) 입항 예정시간은 02:50분이며, 탑승인원은 792명 입니다",2024.10.19 0:44,사람,입항 예정
"금일(21일) 울릉크루즈 울릉(사동항) 입항 예정시간은 06:40분이며, 탑승인원은 919명 입니다.",2024.10.21 5:57,사람,입항 예정
"금일(22일) 울릉크루즈 울릉(사동항) 입항 예정시간은 06:00분이며, 탑승인원은 863명 입니다.",2024.10.22 5:44,사람,입항 예정
"금일(23일) 울릉크루즈 울릉(사동항) 입항 예정시간은 06:40분이며, 탑승인원은 559명 입니다.",2024.10.23 5:23,사람,입항 예정
"금일(24일) 울릉크루즈 울릉(사동항) 입항 예정시간은 06:40분이며, 탑승인원은 648명 입니다.",2024.10.24 5:16,사람,입항 예정
"금일(25일) 울릉크루즈 울릉(사동항) 입항 예정시간은 06:30분이며, 탑승인원은 906명 입니다.",2024.10.25 5:26,사람,입항 예정
"금일(26일) 울릉크루즈 울릉(사동항) 입항 예정시간은 06:30분이며, 탑승인원은 1172명 입니다.",2024.10.26 5:20,사람,입항 예정
"금일(27일) 울릉크루즈 울릉(사동항) 입항 예정시간은 06:30분이며, 탑승인원은 574명 입니다.",2024.10.27 5:38,사람,입항 예정
"금일(28일) 울릉크루즈 울릉(사동항) 입항 예정시간은 06:30분이며, 탑승인원은 593명 입니다.",2024.10.28 5:31,사람,입항 예정
"금일(29일) 울릉크루즈 울릉(사동항) 입항 예정시간은 06:30분이며, 탑승인원은 689명 입니다.",2024.10.29 5:21,사람,입항 예정
"금일(30일) 울릉크루즈 울릉(사동항) 입항 예정시간은 06:30분이며, 탑승인원은 423명 입니다",2024.10.30 5:27,사람,입항 예정
"금일(31일) 울릉크루즈 울릉(사동항) 입항 예정시간은 06:30분이며, 탑승인원은 636명 입니다",2024.10.31 5:31,사람,입항 예정
"금일(01일) 울릉크루즈 울릉(사동항) 입항 예정시간은 06:30분이며, 탑승인원은 488명 입니다",2024.11.1 5:40,사람,입항 예정
"금일(02일) 울릉크루즈 울릉(사동항) 입항 예정시간은 06:30분이며, 탑승인원은 999명 입니다",2024.11.2 5:27,사람,입항 예정
"금일(03일) 울릉크루즈 울릉(사동항) 입항 예정시간은 06:40분이며, 탑승인원은 467명 입니다.",2024.11.3 5:00,사람,입항 예정
"금일(04일) 울릉크루즈 울릉(사동항) 입항 예정시간은 06:35분이며, 탑승인원은 641명 입니다.",2024.11.4 5:51,사람,입항 예정
"금일(05일) 울릉크루즈 울릉(사동항) 입항 예정시간은 06:40분이며, 탑승인원은 597명 입니다.",2024.11.5 6:05,사람,입항 예정
"금일(06일) 울릉크루즈 울릉(사동항) 입항 예정시간은 06:40분이며, 탑승인원은 621명 입니다.",2024.11.6 6:00,사람,입항 예정
"금일(07일) 울릉크루즈 울릉(사동항) 입항 예정시간은 06:40분이며, 탑승인원은 475명 입니다.",2024.11.7 5:40,사람,입항 예정
"금일(08일) 울릉크루즈 울릉(사동항) 입항 예정시간은 06:40분이며, 탑승인원은 582명 입니다.",2024.11.8 5:45,사람,입항 예정
"금일(09일) 울릉크루즈 울릉(사동항) 입항 예정시간은 06:50분이며, 탑승인원은 834명 입니다.",2024.11.9 5:31,사람,입항 예정
"금일(10일) 울릉크루즈 울릉(사동항) 입항 예정시간은 06:50분이며, 탑승인원은 281명 입니다.",2024.11.10 5:40,사람,입항 예정
"금일(11일) 울릉크루즈 울릉(사동항) 입항 예정시간은 06:50분이며, 탑승인원은 571명 입니다.",2024.11.11 5:12,사람,입항 예정
"금일(12일) 울릉크루즈 울릉(사동항) 입항 예정시간은 06:50분이며, 탑승인원은 437명 입니다.",2024.11.12 6:05,사람,입항 예정
포항 영일만항 국제여객(화물) 부두 정문초소 신축공사로 인해 영일만항 울릉크루즈 1주차장에 차량을 주차하신분들은  차량 이동 조치해주시길 바랍니다. (공사기간 24.11.11 ~25.2.10),2024.11.12 17:44,사람,미정
"금일(13일) 울릉크루즈 울릉(사동항) 입항 예정시간은 06:50분이며, 탑승인원은 257명 입니다.",2024.11.13 5:27,사람,입항 예정
"금일(14일) 울릉크루즈 울릉(사동항) 입항 예정시간은 06:50분이며, 탑승인원은 471명 입니다.",2024.11.14 5:46,사람,입항 예정
"금일(15일) 울릉크루즈 울릉(사동항) 입항 예정시간은 06:50분이며, 탑승인원은 402명 입니다.",2024.11.15 5:31,사람,입항 예정
"금일(16일) 울릉크루즈 울릉(사동항) 입항 예정시간은 06:50분이며, 탑승인원은 817명 입니다.",2024.11.16 5:25,사람,입항 예정
"금일(17일) 울릉크루즈 울릉(사동항) 입항 예정시간은 06:50분이며, 탑승인원은 636명 입니다",2024.11.17 5:14,사람,입항 예정
"금일(19일) 울릉크루즈 울릉(사동항) 입항 예정시간은 06:50분이며, 탑승인원은 698명 입니다",2024.11.19 5:32,사람,입항 예정
"금일(20일) 울릉크루즈 울릉(사동항) 입항 예정시간은 06:50분이며, 탑승인원은 410명 입니다",2024.11.20 5:45,사람,입항 예정
"금일(21일) 울릉크루즈 울릉(사동항) 입항 예정시간은 06:50분이며, 탑승인원은 373명 입니다",2024.11.21 5:39,사람,입항 예정
"금일(22일) 울릉크루즈 울릉(사동항) 입항 예정시간은 06:50분이며, 탑승인원은 378명 입니다",2024.11.22 5:33,사람,입항 예정
"금일(23일) 울릉크루즈 울릉(사동항) 입항 예정시간은 07:00분이며, 탑승인원은 614명 입니다",2024.11.23 5:58,사람,입항 예정
"금일(24일) 울릉크루즈 울릉(사동항) 입항 예정시간은 06:50분이며, 탑승인원은 241명 입니다",2024.11.24 5:33,사람,입항 예정
"금일(25일) 울릉크루즈 울릉(사동항) 입항 예정시간은 06:50분이며, 탑승인원은 546명 입니다",2024.11.25 5:35,사람,입항 예정
"금일(29일) 울릉크루즈 울릉(사동항) 입항 예정시간은 07:20분이며, 탑승인원은 716명 입니다",2024.11.29 5:49,사람,입항 예정
"금일(01일) 울릉크루즈 울릉(사동항) 입항 예정시간은 07:20분이며, 탑승인원은 746명 입니다",2024.12.1 5:38,사람,입항 예정
"금일(02일) 울릉크루즈 울릉(사동항) 입항 예정시간은 07:10분이며, 탑승인원은 413명 입니다",2024.12.2 5:38,사람,입항 예정
"금일(03일) 울릉크루즈 울릉(사동항) 입항 예정시간은 07:15분이며, 탑승인원은 440명 입니다",2024.12.3 5:40,사람,입항 예정
"금일(04일) 울릉크루즈 울릉(사동항) 입항 예정시간은 07:20분이며, 탑승인원은 364명 입니다",2024.12.4 5:52,사람,입항 예정
"금일(05일) 울릉크루즈 울릉(사동항) 입항 예정시간은 07:20분이며, 탑승인원은 367명 입니다",2024.12.5 5:32,사람,입항 예정
"금일(07일) 울릉크루즈 울릉(사동항) 입항 예정시간은 07:30분이며, 탑승인원은 574명 입니다",2024.12.7 6:04,사람,입항 예정
"금일(08일) 울릉크루즈 울릉(사동항) 입항 예정시간은 07:30분이며, 탑승인원은 217명 입니다",2024.12.8 6:23,사람,입항 예정
"금일(08일) 울릉크루즈 울릉(사동항) 입항 예정시간은 07:30분이며, 탑승인원은 547명 입니다",2024.12.9 6:03,사람,입항 예정
"정정)금일(09일) 울릉크루즈 울릉(사동항) 입항 예정시간은 07:30분이며, 탑승인원은 547명 입니다",2024.12.9 6:04,사람,입항 예정
"금일(25일) 울릉크루즈 울릉(사동항) 입항 예정시간은 07:20분이며, 탑승인원은 511명 입니다",2024.12.25 5:36,사람,입항 예정
"금일(28일) 울릉크루즈 울릉(사동항) 입항 예정시간은 07:30분이며, 탑승인원은 716명 입니다",2024.12.28 6:08,사람,입항 예정
"금일(29일) 울릉크루즈 울릉(사동항) 입항 예정시간은 07:20분이며, 탑승인원은 272명 입니다",2024.12.29 6:26,사람,입항 예정
"금일(30일) 울릉크루즈 울릉(사동항) 입항 예정시간은 07:20분이며, 탑승인원은 512명 입니다",2024.12.30 6:14,사람,입항 예정
울릉크루즈 운항일정 안내 12월 30일(월) 울릉-포항 12:20 정상운항 (발권가능) 포항-울릉 23:50 운항통제,2024.12.30 9:46,사람,운항불가
"금일(01일) 울릉크루즈 울릉(사동항) 입항 예정시간은 08:00분이며, 탑승인원은 1,200명 입니다",2025.1.1 6:12,사람,입항 예정
"금일(02일) 울릉크루즈 울릉(사동항) 입항 예정시간은 07:20분이며, 탑승인원은 383명 입니다",2025.1.2 6:12,사람,입항 예정
"금일(03일) 울릉크루즈 울릉(사동항) 입항 예정시간은 07:20분이며, 탑승인원은 237명 입니다",2025.1.3 6:09,사람,입항 예정
"금일(04일) 울릉크루즈 울릉(사동항) 입항 예정시간은 07:20분이며, 탑승인원은 456명 입니다",2025.1.4 6:00,사람,입항 예정
"금일(05일) 울릉크루즈 울릉(사동항) 입항 예정시간은 07:20분이며, 탑승인원은 202명 입니다",2025.1.5 5:54,사람,입항 예정
"금일(06일) 울릉크루즈 울릉(사동항) 입항 예정시간은 07:20분이며, 탑승인원은 391명 입니다",2025.1.6 6:06,사람,입항 예정
"금일(11일) 울릉크루즈 울릉(사동항) 입항 예정시간은 07:20분이며, 탑승인원은 603명 입니다",2025.1.11 6:13,사람,입항 예정
"금일(12일) 울릉크루즈 울릉(사동항) 입항 예정시간은 07:20분이며, 탑승인원은 311명 입니다",2025.1.12 6:16,사람,입항 예정
"금일(13일) 울릉크루즈 울릉(사동항) 입항 예정시간은 07:20분이며, 탑승인원은 246명 입니다",2025.1.13 6:09,사람,입항 예정
"금일(14일) 울릉크루즈 울릉(사동항) 입항 예정시간은 07:30분이며, 탑승인원은 418명 입니다",2025.1.14 6:17,사람,입항 예정
"금일(15일) 울릉크루즈 울릉(사동항) 입항 예정시간은 07:30분이며, 탑승인원은 400명 입니다",2025.1.15 6:00,사람,입항 예정
"금일(16일) 울릉크루즈 울릉(사동항) 입항 예정시간은 07:30분이며, 탑승인원은 279명 입니다.",2025.1.16 6:14,사람,입항 예정
"금일(17일) 울릉크루즈 울릉(사동항) 입항 예정시간은 07:30분이며, 탑승인원은 435명 입니다.",2025.1.17 5:40,사람,입항 예정
"금일(18일) 울릉크루즈 울릉(사동항) 입항 예정시간은 07:30분이며, 탑승인원은 395명 입니다.",2025.1.18 5:24,사람,입항 예정
"금일(19일) 울릉크루즈 울릉(사동항) 입항 예정시간은 07:30분이며, 탑승인원은 310명 입니다.",2025.1.19 5:34,사람,입항 예정
"금일(20일) 울릉크루즈 울릉(사동항) 입항 예정시간은 07:30분이며, 탑승인원은 409명 입니다.",2025.1.20 6:13,사람,입항 예정
"금일(20일) 울릉크루즈 울릉(사동항) 입항 예정시간은 07:30분이며, 탑승인원은 290명 입니다.",2025.1.21 6:17,사람,입항 예정
"정정)금일(21일) 울릉크루즈 울릉(사동항) 입항 예정시간은 07:30분이며, 탑승인원은 290명 입니다.",2025.1.21 6:18,사람,입항 예정
"금일(22일) 울릉크루즈 울릉(사동항) 입항 예정시간은 07:30분이며, 탑승인원은 243명 입니다.",2025.1.22 5:32,사람,입항 예정
"금일(24일) 울릉크루즈 울릉(사동항) 입항 예정시간은 07:30분이며, 탑승인원은 411명 입니다.",2025.1.24 5:55,사람,입항 예정
"금일(25일) 울릉크루즈 울릉(사동항) 입항 예정시간은 07:30분이며, 탑승인원은 427명 입니다.",2025.1.25 6:01,사람,입항 예정
"금일(26일) 울릉크루즈 울릉(사동항) 입항 예정시간은 07:30분이며, 탑승인원은 565명 입니다.",2025.1.26 5:48,사람,입항 예정
"금일(27일) 울릉크루즈 울릉(사동항) 입항 예정시간은 05:40분이며, 탑승인원은 336명 입니다.",2025.1.27 4:36,사람,입항 예정
"금일(31일) 울릉크루즈 울릉(사동항) 입항 예정시간은 07:30분이며, 탑승인원은 962명 입니다.",2025.1.31 5:49,사람,입항 예정
"금일(1일) 울릉크루즈 울릉(사동항) 입항 예정시간은 07:30분이며, 탑승인원은 686명 입니다.",2025.2.1 6:03,사람,입항 예정
"금일(2일) 울릉크루즈 울릉(사동항) 입항 예정시간은 07:30분이며, 탑승인원은 691명 입니다.",2025.2.2 6:04,사람,입항 예정
"금일(3일) 울릉크루즈 울릉(사동항) 입항 예정시간은 06:40분이며, 탑승인원은 549명 입니다.",2025.2.3 5:08,사람,입항 예정
엘도라도EX호 2025년 울릉주민 정기권 발행을 시작하였습니다. 자세한 사항은 대저페리 홈페이지를 확인하여 주시기 바랍니다.,2025.2.3 15:03,사람,미정
*정정*엘도라도EX호 2025년 울릉주민 정기권 3월부터 발행 예정입니다. 자세한 사항은 대저페리 홈페이지를 확인하여 주시기 바랍니다.,2025.2.3 16:43,사람,미정
"금일(7일) 울릉크루즈 울릉(사동항) 입항 예정시간은 07:10분이며, 탑승인원은 514명 입니다.",2025.2.7 5:38,사람,입항 예정
"금일(09일) 울릉크루즈 울릉(사동항) 입항 예정시간은 07:20분이며, 탑승인원은 258명 입니다.",2025.2.9 5:54,사람,입항 예정
"금일(10일) 울릉크루즈 울릉(사동항) 입항 예정시간은 07:20분이며, 탑승인원은 312명 입니다.",2025.2.10 5:48,사람,입항 예정
"금일(11일) 울릉크루즈 울릉(사동항) 입항 예정시간은 07:20분이며, 탑승인원은 440명 입니다.",2025.2.11 5:35,사람,입항 예정
"금일(12일) 울릉크루즈 울릉(사동항) 입항 예정시간은 07:20분이며, 탑승인원은 348명 입니다.",2025.2.12 5:56,사람,입항 예정
"금일(13일) 울릉크루즈 울릉(사동항) 입항 예정시간은 10:50분이며, 탑승인원은 280명 입니다.",2025.2.13 6:44,사람,입항 예정
"금일(14일) 울릉크루즈 울릉(사동항) 입항 예정시간은 07:20분이며, 탑승인원은 296명 입니다.",2025.2.14 5:59,사람,입항 예정
"금일(15일) 울릉크루즈 울릉(사동항) 입항 예정시간은 07:20분이며, 탑승인원은 474명 입니다.",2025.2.15 5:43,사람,입항 예정
"금일(16일) 울릉크루즈 울릉(사동항) 입항 예정시간은 07:20분이며, 탑승인원은 507명 입니다.",2025.2.16 5:57,사람,입항 예정
"금일(18일) 울릉크루즈 울릉(사동항) 입항 예정시간은 07:35분이며, 탑승인원은 408명 입니다.",2025.2.18 6:14,사람,입항 예정
"금일(19일) 울릉크루즈 울릉(사동항) 입항 예정시간은 07:30분이며, 탑승인원은 388명 입니다.",2025.2.19 6:13,사람,입항 예정
"금일(21일) 울릉크루즈 울릉(사동항) 입항 예정시간은 07:30분이며, 탑승인원은 754명 입니다.",2025.2.21 5:52,사람,입항 예정
"금일(22일) 울릉크루즈 울릉(사동항) 입항 예정시간은 07:30분이며, 탑승인원은 569명 입니다.",2025.2.22 6:15,사람,입항 예정
"금일(23일) 울릉크루즈 울릉(사동항) 입항 예정시간은 07:30분이며, 탑승인원은 402명 입니다.",2025.2.23 5:47,사람,입항 예정
"금일(24일) 울릉크루즈 울릉(사동항) 입항 예정시간은 07:30분이며, 탑승인원은 524명 입니다.",2025.2.24 5:33,사람,입항 예정
"금일(25일) 울릉크루즈 울릉(사동항) 입항 예정시간은 07:30분이며, 탑승인원은 530명 입니다.",2025.2.25 5:32,사람,입항 예정
"금일(26일) 울릉크루즈 울릉(사동항) 입항 예정시간은 07:30분이며, 탑승인원은 409명 입니다.",2025.2.26 5:32,사람,입항 예정
"금일(27일) 울릉크루즈 울릉(사동항) 입항 예정시간은 07:30분이며, 탑승인원은 551명 입니다.",2025.2.27 5:39,사람,입항 예정
내일(28일)부터 엘도라도EX호 2025년 울릉주민 정기권 발행을 시작합니다. 자세한 사항은 대저페리 홈페이지를 확인하여 주시기 바랍니다.,2025.2.27 11:12,사람,미정
"금일(28일) 울릉크루즈 울릉(사동항) 입항 예정시간은 07:30분이며, 탑승인원은 1029명 입니다.",2025.2.28 5:33,사람,입항 예정
"금일(01일) 울릉크루즈 울릉(사동항) 입항 예정시간은 06:30분이며, 탑승인원은 1165명 입니다.",2025.3.1 5:29,사람,입항 예정
"금일(02일) 울릉크루즈 울릉(사동항) 입항 예정시간은 06:30분이며, 탑승인원은 1121명 입니다.",2025.3.2 5:27,사람,입항 예정
"금일(03일) 울릉크루즈 울릉(사동항) 입항 예정시간은 07:55분이며, 탑승인원은 224명 입니다.",2025.3.3 5:40,사람,입항 예정
"금일(06일) 울릉크루즈 울릉(사동항) 입항 예정시간은 06:50분이며, 탑승인원은 537명 입니다.",2025.3.6 5:39,사람,입항 예정
"금일(07일) 울릉크루즈 울릉(사동항) 입항 예정시간은 06:50분이며, 탑승인원은 333명 입니다.",2025.3.7 5:46,사람,입항 예정
"금일(08일) 울릉크루즈 울릉(사동항) 입항 예정시간은 06:50분이며, 탑승인원은 550명 입니다.",2025.3.8 5:33,사람,입항 예정
"금일(09일) 울릉크루즈 울릉(사동항) 입항 예정시간은 06:50분이며, 탑승인원은 273명 입니다.",2025.3.9 5:41,사람,입항 예정
"금일(10일) 울릉크루즈 울릉(사동항) 입항 예정시간은 07:30분이며, 탑승인원은 499명 입니다.",2025.3.10 5:32,사람,입항 예정
"금일(11일) 울릉크루즈 울릉(사동항) 입항 예정시간은 06:50분이며, 탑승인원은 530명 입니다.",2025.3.11 5:51,사람,입항 예정
"금일(12일) 울릉크루즈 울릉(사동항) 입항 예정시간은 06:50분이며, 탑승인원은 326명 입니다.",2025.3.12 5:28,사람,입항 예정
"금일(13일) 울릉크루즈 울릉(사동항) 입항 예정시간은 06:50분이며, 탑승인원은 328명 입니다.",2025.3.13 5:28,사람,입항 예정
"금일(14일) 울릉크루즈 울릉(사동항) 입항 예정시간은 06:50분이며, 탑승인원은 317명 입니다.",2025.3.14 5:25,사람,입항 예정
"금일(15일) 울릉크루즈 울릉(사동항) 입항 예정시간은 06:50분이며, 탑승인원은 489명 입니다.",2025.3.15 5:47,사람,입항 예정
"금일(16일) 울릉크루즈 울릉(사동항) 입항 예정시간은 07:05분이며, 탑승인원은 399명 입니다.",2025.3.16 5:50,사람,입항 예정
"금일(18일) 울릉크루즈 울릉(사동항) 입항 예정시간은 06:45분이며, 탑승인원은 720명 입니다.",2025.3.18 5:54,사람,입항 예정
"금일(20일) 울릉크루즈 울릉(사동항) 입항 예정시간은 06:50분이며, 탑승인원은 456명 입니다.",2025.3.20 5:44,사람,입항 예정
"금일(21일) 울릉크루즈 울릉(사동항) 입항 예정시간은 06:30분이며, 탑승인원은 397명 입니다.",2025.3.21 6:00,사람,입항 예정
"금일(22일) 울릉크루즈 울릉(사동항) 입항 예정시간은 06:30분이며, 탑승인원은 606명 입니다.",2025.3.22 5:22,사람,입항 예정
"금일(23일) 울릉크루즈 울릉(사동항) 입항 예정시간은 06:30분이며, 탑승인원은 506명 입니다.",2025.3.23 5:47,사람,입항 예정
"금일(24일) 울릉크루즈 울릉(사동항) 입항 예정시간은 06:30분이며, 탑승인원은 609명 입니다.",2025.3.24 5:24,사람,입항 예정
"금일(25일) 울릉크루즈 울릉(사동항) 입항 예정시간은 06:30분이며, 탑승인원은 586명 입니다.",2025.3.25 5:30,사람,입항 예정
"금일(26일) 울릉크루즈 울릉(사동항) 입항 예정시간은 06:30분이며, 탑승인원은 375명 입니다.",2025.3.26 5:45,사람,입항 예정
"금일(27일) 울릉크루즈 울릉(사동항) 입항 예정시간은 06:30분이며, 탑승인원은 488명 입니다.",2025.3.27 5:34,사람,입항 예정
"금일(28일) 울릉크루즈 울릉(사동항) 입항 예정시간은 06:35분이며, 탑승인원은 500명 입니다.",2025.3.28 5:31,사람,입항 예정
"금일(29일) 울릉크루즈 울릉(사동항) 입항 예정시간은 06:30분이며, 탑승인원은 869명 입니다.",2025.3.29 5:33,사람,입항 예정
"금일(30일) 울릉크루즈 울릉(사동항) 입항 예정시간은 06:45분이며, 탑승인원은 294명 입니다.",2025.3.30 5:29,사람,입항 예정
"금일(31일) 울릉크루즈 울릉(사동항) 입항 예정시간은 06:30분이며, 탑승인원은 610명 입니다.",2025.3.31 5:33,사람,입항 예정
[한진택배] 사동항 울릉크루즈 앞 오전7시부터 당일택배 접수받습니다. 4월1일 부터 5월말까지 주민분들의 많은 관심 부탁드립니다.,2025.3.31 19:28,사람,미정
"금일(01일) 울릉크루즈 울릉(사동항) 입항 예정시간은 06:30분이며, 탑승인원은 696명 입니다.",2025.4.1 5:25,사람,입항 예정
"금일(02일) 울릉크루즈 울릉(사동항) 입항 예정시간은 06:30분이며, 탑승인원은 853명 입니다.",2025.4.2 5:29,사람,입항 예정
"금일(03일) 울릉크루즈 울릉(사동항) 입항 예정시간은 06:30분이며, 탑승인원은 264명 입니다.",2025.4.3 5:42,사람,입항 예정
"금일(04일) 울릉크루즈 울릉(사동항) 입항 예정시간은 06:30분이며, 탑승인원은 483명 입니다.",2025.4.4 5:35,사람,입항 예정
"금일(05일) 울릉크루즈 울릉(사동항) 입항 예정시간은 06:30분이며, 탑승인원은 1.095명 입니다.",2025.4.5 5:35,사람,입항 예정
"금일(06일) 울릉크루즈 울릉(사동항) 입항 예정시간은 06:20분이며, 탑승인원은 734명 입니다.",2025.4.6 5:25,사람,입항 예정
"금일(07일) 울릉크루즈 울릉(사동항) 입항 예정시간은 06:20분이며, 탑승인원은 640명 입니다.",2025.4.7 5:31,사람,입항 예정
"금일(08일) 울릉크루즈 울릉(사동항) 입항 예정시간은 06:50분이며, 탑승인원은 828명 입니다.",2025.4.8 5:40,사람,입항 예정
"*정정* 금일(08일) 울릉크루즈 울릉(사동항) 입항 예정시간은 06:35분이며, 탑승인원은 828명 입니다",2025.4.8 6:08,사람,입항 예정
"금일(09일) 울릉크루즈 울릉(사동항) 입항 예정시간은 06:30분이며, 탑승인원은 534명 입니다.",2025.4.9 5:32,사람,입항 예정
"금일(10일) 울릉크루즈 울릉(사동항) 입항 예정시간은 06:30분이며, 탑승인원은 606 명 입니다.",2025.4.10 5:33,사람,입항 예정
"금일(11일) 울릉크루즈 울릉(사동항) 입항 예정시간은 06:30분이며, 탑승인원은 658명 입니다.",2025.4.11 5:31,사람,입항 예정
"금일(12일) 울릉크루즈 울릉(사동항) 입항 예정시간은 06:00분이며, 탑승인원은 1173명 입니다.",2025.4.12 4:57,사람,입항 예정
"금일(13일) 울릉크루즈 울릉(사동항) 입항 예정시간은 16:40분이며, 탑승인원은 347명 입니다.",2025.4.13 14:17,사람,입항 예정
"금일(14일) 울릉크루즈 울릉(사동항) 입항 예정시간은 09:50분이며, 탑승인원은 408명 입니다.",2025.4.14 6:51,사람,입항 예정
"금일(15일) 울릉크루즈 울릉(사동항) 입항 예정시간은 07:35분이며, 탑승인원은 599명 입니다.",2025.4.15 5:07,사람,입항 예정
"금일(16일) 울릉크루즈 울릉(사동항) 입항 예정시간은 06:10분이며, 탑승인원은 501명 입니다.",2025.4.16 4:58,사람,입항 예정
"금일(17일) 울릉크루즈 울릉(사동항) 입항 예정시간은 06:05분이며, 탑승인원은 653명 입니다.",2025.4.17 4:56,사람,입항 예정
"금일(18일) 울릉크루즈 울릉(사동항) 입항 예정시간은 06:30분이며, 탑승인원은 833명 입니다.",2025.4.18 4:58,사람,입항 예정
"금일(19일) 울릉크루즈 울릉(사동항) 입항 예정시간은 06:00분이며, 탑승인원은 1176명 입니다.",2025.4.19 5:00,사람,입항 예정
"금일(20일) 울릉크루즈 울릉(사동항) 입항 예정시간은 06:20분이며, 탑승인원은 743명 입니다.",2025.4.20 4:57,사람,입항 예정
"금일(21일) 울릉크루즈 울릉(사동항) 입항 예정시간은 06:05분이며, 탑승인원은 879명 입니다.",2025.4.21 4:56,사람,입항 예정
"금일(22일) 울릉크루즈 울릉(사동항) 입항 예정시간은 05:55분이며, 탑승인원은 1114명 입니다.",2025.4.22 5:01,사람,입항 예정
"금일(23일) 울릉크루즈 울릉(사동항) 입항 예정시간은 07:10분이며, 탑승인원은 960명 입니다.",2025.4.23 5:03,사람,입항 예정
"금일(24일) 울릉크루즈 울릉(사동항) 입항 예정시간은 06:05분이며, 탑승인원은 729명 입니다.",2025.4.24 5:02,사람,입항 예정
"금일(25일) 울릉크루즈 울릉(사동항) 입항 예정시간은 06:20분이며, 탑승인원은 877명 입니다.",2025.4.25 5:01,사람,입항 예정
"금일(26일) 울릉크루즈 울릉(사동항) 입항 예정시간은 06:10분이며, 탑승인원은 1170명 입니다.",2025.4.26 5:02,사람,입항 예정
"금일(27일) 울릉크루즈 울릉(사동항) 입항 예정시간은 06:00분이며, 탑승인원은 909명 입니다.",2025.4.27 5:01,사람,입항 예정
"금일(28일) 울릉크루즈 울릉(사동항) 입항 예정시간은 06:30분이며, 탑승인원은 1064명 입니다.",2025.4.28 5:04,사람,입항 예정
"금일(29일) 울릉크루즈 울릉(사동항) 입항 예정시간은 06:35분이며, 탑승인원은 1,067명 입니다.",2025.4.29 4:58,사람,입항 예정
"금일(30일) 울릉크루즈 울릉(사동항) 입항 예정시간은 06:10분이며, 탑승인원은 688명 입니다.",2025.4.30 5:09,사람,입항 예정
"금일(01일) 울릉크루즈 울릉(사동항) 입항 예정시간은 06:10분이며, 탑승인원은 1173명 입니다.",2025.5.1 5:12,사람,입항 예정
"금일(02일) 울릉크루즈 울릉(사동항) 입항 예정시간은 06:30분이며, 탑승인원은 1158명 입니다.",2025.5.2 5:02,사람,입항 예정
"금일(03일) 울릉크루즈 울릉(사동항) 입항 예정시간은 06:30분이며, 탑승인원은 1171명 입니다.",2025.5.3 5:16,사람,입항 예정
"금일(04일) 울릉크루즈 울릉(사동항) 입항 예정시간은 06:30분이며, 탑승인원은 1160명 입니다.",2025.5.4 4:59,사람,입항 예정
"금일(05일) 울릉크루즈 울릉(사동항) 입항 예정시간은 06:10분이며, 탑승인원은 1127명 입니다.",2025.5.5 4:56,사람,입항 예정
"금일(06일) 울릉크루즈 울릉(사동항) 입항 예정시간은 06:10분이며, 탑승인원은 739명 입니다.",2025.5.6 5:02,사람,입항 예정
"금일(07일) 울릉크루즈 울릉(사동항) 입항 예정시간은 06:10분이며, 탑승인원은 928명 입니다.",2025.5.7 5:00,사람,입항 예정
"금일(08일) 울릉크루즈 울릉(사동항) 입항 예정시간은 06:00분이며, 탑승인원은 613명 입니다.",2025.5.8 5:05,사람,입항 예정
"금일(09일) 울릉크루즈 울릉(사동항) 입항 예정시간은 06:00분이며, 탑승인원은 747명 입니다.",2025.5.9 5:10,사람,입항 예정
"금일(10일) 울릉크루즈 울릉(사동항) 입항 예정시간은 05:00분이며, 탑승인원은 1,130명 입니다.",2025.5.10 2:45,사람,입항 예정
"금일(11일) 울릉크루즈 울릉(사동항) 입항 예정시간은 06:30분이며, 탑승인원은 877명 입니다.",2025.5.11 4:46,사람,입항 예정
"금일(12일) 울릉크루즈 울릉(사동항) 입항 예정시간은 06:00분이며, 탑승인원은 1061명 입니다.",2025.5.12 5:01,사람,입항 예정
"금일(13일) 울릉크루즈 울릉(사동항) 입항 예정시간은 06:00분이며, 탑승인원은 1023명 입니다.",2025.5.13 4:58,사람,입항 예정
"금일(14일) 울릉크루즈 울릉(사동항) 입항 예정시간은 05:50분이며, 탑승인원은 846명 입니다.",2025.5.14 4:53,사람,입항 예정
"금일(15일) 울릉크루즈 울릉(사동항) 입항 예정시간은 05:50분이며, 탑승인원은 명 788입니다.",2025.5.15 4:58,사람,입항 예정
"금일(16일) 울릉크루즈 울릉(사동항) 입항 예정시간은 05:50분이며, 탑승인원은 854명 입니다.",2025.5.16 5:04,사람,입항 예정
"? 울릉크루즈 당일 주민 승선권 발권 알림    - 기      간 : 2025. 5. 19.(월)부터    - 내      용 : 군민 당일 승선권 30매    - 발권방법 : 선착순   ""울릉군은 군민 승선권 확",2025.5.16 13:22,사람,미정
? 울릉크루즈 당일 주민 승선권 발권 알림   - 기      간 : 2025. 5. 19.(월)부터   - 내      용 : 군민 당일 승선권 30매   - 발권방법 : 선착순,2025.5.16 13:26,사람,미정
"금일(17일) 울릉크루즈 울릉(사동항) 입항 예정시간은 05:50분이며, 탑승인원은 1111명 입니다.",2025.5.17 4:58,사람,입항 예정
울릉크루즈 주민표 발권에 대하여 안내 말씀 드립니다.,2025.5.17 14:19,사람,미정
"울릉크루즈는 울릉주민 판매분 20석+당일 현장 취소분 10석 등 총 30석을 확보할 예정이오며, 사전결제가 진행되었거나 이미 매진이 된 항차에 있어서는 좌석확보가 어려울 수도 있습니다.",2025.5.17 14:20,사람,미정
"금일(18일) 울릉크루즈 울릉(사동항) 입항 예정시간은 05:50분이며, 탑승인원은 725명 입니다.",2025.5.18 4:57,사람,입항 예정
"금일(19일) 울릉크루즈 울릉(사동항) 입항 예정시간은 05:50분이며, 탑승인원은 1038명 입니다.",2025.5.19 4:57,사람,입항 예정
"금일(20일) 울릉크루즈 울릉(사동항) 입항 예정시간은 06:10분이며, 탑승인원은 1149명 입니다.",2025.5.20 5:12,사람,입항 예정
"금일(21일) 울릉크루즈 울릉(사동항) 입항 예정시간은 05:50분이며, 탑승인원은 1,069명 입니다.",2025.5.21 4:54,사람,입항 예정
"금일(22일) 울릉크루즈 울릉(사동항) 입항 예정시간은 05:50분이며, 탑승인원은 842명 입니다.",2025.5.22 5:04,사람,입항 예정
"금일(23일) 울릉크루즈 울릉(사동항) 입항 예정시간은 05:50분이며, 탑승인원은 867명 입니다.",2025.5.23 4:59,사람,입항 예정
"금일(24일) 울릉크루즈 울릉(사동항) 입항 예정시간은 05:50분이며, 탑승인원은 1,165명 입니다.",2025.5.24 5:00,사람,입항 예정
"금일(25일) 울릉크루즈 울릉(사동항) 입항 예정시간은 06:20분이며, 탑승인원은 901명 입니다.",2025.5.25 5:10,사람,입항 예정
"금일(26일) 울릉크루즈 울릉(사동항) 입항 예정시간은 05:50분이며, 탑승인원은 1,081명 입니다.",2025.5.26 4:55,사람,입항 예정
"금일(27일) 울릉크루즈 울릉(사동항) 입항 예정시간은 05:50분이며, 탑승인원은 1,030명 입니다.",2025.5.27 5:02,사람,입항 예정
"금일(28일) 울릉크루즈 울릉(사동항) 입항 예정시간은 05:50분이며, 탑승인원은 1,022명 입니다.",2025.5.28 4:57,사람,입항 예정
"금일(29일) 울릉크루즈 울릉(사동항) 입항 예정시간은 06:00분이며, 탑승인원은 782명 입니다.",2025.5.29 4:58,사람,입항 예정
"금일(30일) 울릉크루즈 울릉(사동항) 입항 예정시간은 06:30분이며, 탑승인원은 885명 입니다.",2025.5.30 5:13,사람,입항 예정
"금일(31일) 울릉크루즈 울릉(사동항) 입항 예정시간은 06:30분이며, 탑승인원은 1.124명 입니다.",2025.5.31 5:00,사람,입항 예정
"금일(1일) 울릉크루즈 울릉(사동항) 입항 예정시간은 06:00분이며, 탑승인원은 1016명 입니다.",2025.6.1 5:04,사람,입항 예정
"금일(2일) 울릉크루즈 울릉(사동항) 입항 예정시간은 06:00분이며, 탑승인원은 645명 입니다.",2025.6.2 4:57,사람,입항 예정
"금일(03일) 울릉크루즈 울릉(사동항) 입항 예정시간은 06:00분이며, 탑승인원은 784명 입니다",2025.6.3 5:00,사람,입항 예정
"금일(04일) 울릉크루즈 울릉(사동항) 입항 예정시간은 07:00분이며, 탑승인원은 554명 입니디",2025.6.4 4:45,사람,입항 예정
"금일(05일) 울릉크루즈 울릉(사동항) 입항 예정시간은 06:00분이며, 탑승인원은 1,044명 입니다.",2025.6.5 5:10,사람,입항 예정
"금일(06일) 울릉크루즈 울릉(사동항) 입항 예정시간은 06:00분이며, 탑승인원은 1,172명 입니다.",2025.6.6 5:04,사람,입항 예정
"금일(07일) 울릉크루즈 울릉(사동항) 입항 예정시간은 06:00분이며, 탑승인원은 1,042명 입니다.",2025.6.7 5:03,사람,입항 예정
"금일(08일) 울릉크루즈 울릉(사동항) 입항 예정시간은 06:00분이며, 탑승인원은 844명 입니다.",2025.6.8 4:58,사람,입항 예정
"금일(09일) 울릉크루즈 울릉(사동항) 입항 예정시간은 06:30분이며, 탑승인원은 898명 입니다.",2025.6.9 5:04,사람,입항 예정
"금일(10일) 울릉크루즈 울릉(사동항) 입항 예정시간은 06:00분이며, 탑승인원은 1,013명 입니다.",2025.6.10 5:06,사람,입항 예정
"금일(11일) 울릉크루즈 울릉(사동항) 입항 예정시간은 06:00분이며, 탑승인원은 1,092명 입니다.",2025.6.11 5:02,사람,입항 예정
"금일(12일) 울릉크루즈 울릉(사동항) 입항 예정시간은 09:20분이며, 탑승인원은 877명 입니다.",2025.6.12 5:14,사람,입항 예정
"금일(13일) 울릉크루즈 울릉(사동항) 입항 예정시간은 06:00분이며, 탑승인원은 763명 입니다.",2025.6.13 5:02,사람,입항 예정
"금일(14일) 울릉크루즈 울릉(사동항) 입항 예정시간은 06:00분이며, 탑승인원은 1,146명 입니다.",2025.6.14 4:55,사람,입항 예정
"금일(15일) 울릉크루즈 울릉(사동항) 입항 예정시간은 05:50분이며, 탑승인원은 724명 입니다.",2025.6.15 3:44,사람,입항 예정
"금일(17일) 울릉크루즈 울릉(사동항) 입항 예정시간은 05:50분이며, 탑승인원은 1090명 입니다.",2025.6.17 4:58,사람,입항 예정
"금일(18일) 울릉크루즈 울릉(사동항) 입항 예정시간은 05:50분이며, 탑승인원은 817명 입니다.",2025.6.18 4:59,사람,입항 예정
"금일(19일) 울릉크루즈 울릉(사동항) 입항 예정시간은 05:50분이며, 탑승인원은 735명 입니다.",2025.6.19 5:04,사람,입항 예정
"금일(20일) 울릉크루즈 울릉(사동항) 입항 예정시간은 05:50분이며, 탑승인원은 748명 입니다.",2025.6.20 4:54,사람,입항 예정
"금일(21일) 울릉크루즈 울릉(사동항) 입항 예정시간은 08:20분이며, 탑승인원은 900명 입니다.",2025.6.21 5:56,사람,입항 예정
"금일(22일) 울릉크루즈 울릉(사동항) 입항 예정시간은 05:50분이며, 탑승인원은 544명 입니다.",2025.6.22 5:02,사람,입항 예정
"금일(23일) 울릉크루즈 울릉(사동항) 입항 예정시간은 05:50분이며, 탑승인원은 717명 입니다.",2025.6.23 5:05,사람,입항 예정
"금일(24일) 울릉크루즈 울릉(사동항) 입항 예정시간은 05:50분이며, 탑승인원은 963명 입니다.",2025.6.24 5:06,사람,입항 예정
"금일(25일) 울릉크루즈 울릉(사동항) 입항 예정시간은 05:50분이며, 탑승인원은 598명 입니다.",2025.6.25 5:14,사람,입항 예정
"금일(26일) 울릉크루즈 울릉(사동항) 입항 예정시간은 05:50분이며, 탑승인원은 743명 입니다.",2025.6.26 4:57,사람,입항 예정
"금일(27일) 울릉크루즈 울릉(사동항) 입항 예정시간은 05:50분이며, 탑승인원은 752명 입니다.",2025.6.27 4:50,사람,입항 예정
"금일(28일) 울릉크루즈 울릉(사동항) 입항 예정시간은 05:50분이며, 탑승인원은 837명 입니다.",2025.6.28 5:00,사람,입항 예정
"금일(29일) 울릉크루즈 울릉(사동항) 입항 예정시간은 05:50분이며, 탑승인원은 434명 입니다.",2025.6.29 5:00,사람,입항 예정
"금일(30일) 울릉크루즈 울릉(사동항) 입항 예정시간은 05:50분이며, 탑승인원은 523명 입니다.",2025.6.30 4:59,사람,입항 예정
"금일(01일) 울릉크루즈 울릉(사동항) 입항 예정시간은 06:00분이며, 탑승인원은 478명 입니다.",2025.7.1 5:09,사람,입항 예정
울릉크루즈 선박전검으로 인하여2025. 07. 02. ~ 07.03.(2일간) 현포마을 일일택배를 운영하지 않으니 이용에 불편없으시길 바랍니다.,2025.7.1 17:08,사람,미정
"금일(04일) 울릉크루즈 울릉(사동항) 입항 예정시간은 06:00분이며, 탑승인원은 824명 입니다.",2025.7.4 5:06,사람,입항 예정
"금일(05일) 울릉크루즈 울릉(사동항) 입항 예정시간은 06:00분이며, 탑승인원은 1,100명 입니다.",2025.7.5 5:00,사람,입항 예정
"금일(06일) 울릉크루즈 울릉(사동항) 입항 예정시간은 06:00분이며, 탑승인원은 342명 입니다.",2025.7.6 5:01,사람,입항 예정
"금일(07일) 울릉크루즈 울릉(사동항) 입항 예정시간은 06:00분이며, 탑승인원은 769명 입니다.",2025.7.7 5:01,사람,입항 예정
"금일(08일) 울릉크루즈 울릉(사동항) 입항 예정시간은 06:00분이며, 탑승인원은 664명 입니다.",2025.7.8 4:59,사람,입항 예정
"금일(09일) 울릉크루즈 울릉(사동항) 입항 예정시간은 06:00분이며, 탑승인원은 543명 입니다.",2025.7.9 5:04,사람,입항 예정
"금일(10일) 울릉크루즈 울릉(사동항) 입항 예정시간은 06:00분이며, 탑승인원은 542명 입니다.",2025.7.10 5:09,사람,입항 예정
"금일(11일) 울릉크루즈 울릉(사동항) 입항 예정시간은 06:00분이며, 탑승인원은 636명 입니다.",2025.7.11 4:56,사람,입항 예정
"금일(12일) 울릉크루즈 울릉(사동항) 입항 예정시간은 06:00분이며, 탑승인원은 1.000명 입니다.",2025.7.12 4:56,사람,입항 예정
"금일(13일) 울릉크루즈 울릉(사동항) 입항 예정시간은 06:00분이며, 탑승인원은 456명 입니다.",2025.7.13 4:52,사람,입항 예정
"금일(14일) 울릉크루즈 울릉(사동항) 입항 예정시간은 06:00분이며, 탑승인원은 604명 입니다.",2025.7.14 4:23,사람,입항 예정
"금일(16일) 울릉크루즈 울릉(사동항) 입항 예정시간은 06:00분이며, 탑승인원은 820명 입니다.",2025.7.16 4:25,사람,입항 예정
"금일(17일) 울릉크루즈 울릉(사동항) 입항 예정시간은 06:00분이며, 탑승인원은 394명 입니다.",2025.7.17 4:33,사람,입항 예정
"금일(18일) 울릉크루즈 울릉(사동항) 입항 예정시간은 06:00분이며, 탑승인원은 732명 입니다.",2025.7.18 5:04,사람,입항 예정
"금일(19일) 울릉크루즈 울릉(사동항) 입항 예정시간은 06:00분이며, 탑승인원은 1.007명 입니다.",2025.7.19 4:47,사람,입항 예정
"금일(20일) 울릉크루즈 울릉(사동항) 입항 예정시간은 06:00분이며, 탑승인원은 569명 입니다.",2025.7.20 4:57,사람,입항 예정
"금일(21일) 울릉크루즈 울릉(사동항) 입항 예정시간은 06:00분이며, 탑승인원은 744명 입니다.",2025.7.21 5:08,사람,입항 예정
"금일(22일) 울릉크루즈 울릉(사동항) 입항 예정시간은 06:00분이며, 탑승인원은 937명 입니다.",2025.7.22 5:11,사람,입항 예정
"금일(23일) 울릉크루즈 울릉(사동항) 입항 예정시간은 05:50분이며, 탑승인원은 715명 입니다.",2025.7.23 5:11,사람,입항 예정
"금일(24일) 울릉크루즈 울릉(사동항) 입항 예정시간은 05:50분이며, 탑승인원은 948명 입니다.",2025.7.24 4:52,사람,입항 예정
"금일(25일) 울릉크루즈 울릉(사동항) 입항 예정시간은 05:50분이며, 탑승인원은 948명 입니다.",2025.7.25 4:49,사람,입항 예정
"금일(26일) 울릉크루즈 울릉(사동항) 입항 예정시간은 05:50분이며, 탑승인원은 1.171명 입니다.",2025.7.26 4:49,사람,입항 예정
"금일(27일) 울릉크루즈 울릉(사동항) 입항 예정시간은 05:50분이며, 탑승인원은 1.143명 입니다.",2025.7.27 4:52,사람,입항 예정
"금일(28일) 울릉크루즈 울릉(사동항) 입항 예정시간은 05:50분이며, 탑승인원은 1.171명 입니다.",2025.7.28 4:55,사람,입항 예정
"금일(29일) 울릉크루즈 울릉(사동항) 입항 예정시간은 05:50분이며, 탑승인원은 1.171명 입니다.",2025.7.29 5:12,사람,입항 예정
울릉크루즈 입항시 출구쪽 양쪽 도로에 불법 주.정차 차량으로 보행자의 안전 위험이 매우 높음으로 주민 및 울릉을 방문하는 관광객의 안전을 위하여 사동항 주차장을 이용 부탁드립니다,2025.7.29 8:59,사람,미정
"금일(30일) 울릉크루즈 울릉(사동항) 입항 예정시간은 05:50분이며, 탑승인원은 1.156명 입니다.",2025.7.30 4:50,사람,입항 예정
"금일(31일) 울릉크루즈 울릉(사동항) 입항 예정시간은 05:50분이며, 탑승인원은 1.154명 입니다.",2025.7.31 5:03,사람,입항 예정
울릉크루즈 입항시 출구쪽 양쪽 도로에 불법 주.정차 차량으로 보행자의 안전 위험이 매우 높음으로 주민 및 울릉을 방문하는 관광객의 안전을 위하여 사동항 주차장을 이용 부탁드립니다,2025.7.31 17:28,사람,미정
"금일(1일) 울릉크루즈 울릉(사동항) 입항 예정시간은 05:50분이며, 탑승인원은 1.142명 입니다.",2025.8.1 4:52,사람,입항 예정
"금일(2일) 울릉크루즈 울릉(사동항) 입항 예정시간은 05:50분이며, 탑승인원은 1.131명 입니다.",2025.8.2 4:49,사람,입항 예정
"금일(3일) 울릉크루즈 울릉(사동항) 입항 예정시간은 05:50분이며, 탑승인원은 1.134명 입니다.",2025.8.3 4:52,사람,입항 예정
"금일(4일) 울릉크루즈 울릉(사동항) 입항 예정시간은 05:40분이며, 탑승인원은 1.145명 입니다.",2025.8.4 4:50,사람,입항 예정
"금일(05일) 울릉크루즈 울릉(사동항) 입항 예정시간은 05:50분이며, 탑승인원은 1.082명 입니다.",2025.8.5 5:09,사람,입항 예정
"금일(06일) 울릉크루즈 울릉(사동항) 입항 예정시간은 06:00분이며, 탑승인원은 950명 입니다.",2025.8.6 5:18,사람,입항 예정
"""추석 연휴 귀성객 선표 확보 안내"" ""현재 추석 연휴 포항~울릉 항로의 울릉크루즈 선표 매진이 임박했습니다.  썬라이즈호가 8월 29일부터 운항을 재개합니다. 선표 확보를 원하시는 분들은 서둘러 예매하시기 바랍니다",2025.8.6 9:55,사람,미정
"금일(07일) 울릉크루즈 울릉(사동항) 입항 예정시간은 06:00분이며, 탑승인원은 1,008명 입니다.",2025.8.7 5:17,사람,입항 예정
"금일(08일) 울릉크루즈 울릉(사동항) 입항 예정시간은 06:00분이며, 탑승인원은 945명 입니다.",2025.8.8 5:00,사람,입항 예정
"금일(09일) 울릉크루즈 울릉(사동항) 입항 예정시간은 06:00분이며, 탑승인원은 946명 입니다.",2025.8.9 4:48,사람,입항 예정
"금일(10일) 울릉크루즈 울릉(사동항) 입항 예정시간은 06:00분이며, 탑승인원은 612명 입니다.",2025.8.10 4:52,사람,입항 예정
"금일(11일) 울릉크루즈 울릉(사동항) 입항 예정시간은 06:00분이며, 탑승인원은 835명 입니다.",2025.8.11 4:50,사람,입항 예정
"금일(12일) 울릉크루즈 울릉(사동항) 입항 예정시간은 06:00분이며, 탑승인원은 779명 입니다.",2025.8.12 4:56,사람,입항 예정
"금일(13일) 울릉크루즈 울릉(사동항) 입항 예정시간은 06:00분이며, 탑승인원은 795명 입니다.",2025.8.13 4:55,사람,입항 예정
"금일(14일) 울릉크루즈 울릉(사동항) 입항 예정시간은 06:00분이며, 탑승인원은 1171명 입니다.",2025.8.14 4:51,사람,입항 예정
"금일(15일) 울릉크루즈 울릉(사동항) 입항 예정시간은 06:00분이며, 탑승인원은 1173명 입니다.",2025.8.15 4:54,사람,입항 예정
"금일(16일) 울릉크루즈 울릉(사동항) 입항 예정시간은 06:00분이며, 탑승인원은 1068명 입니다.",2025.8.16 5:05,사람,입항 예정
"금일(17일) 울릉크루즈 울릉(사동항) 입항 예정시간은 06:00분이며, 탑승인원은 734명 입니다.",2025.8.17 5:05,사람,입항 예정
"금일(18일) 울릉크루즈 울릉(사동항) 입항 예정시간은 06:00분이며, 탑승인원은 909명 입니다.",2025.8.18 4:52,사람,입항 예정
"금일(19일) 울릉크루즈 울릉(사동항) 입항 예정시간은 06:00분이며, 탑승인원은 623명 입니다.",2025.8.19 4:56,사람,입항 예정
"금일(20일) 울릉크루즈 울릉(사동항) 입항 예정시간은 06:00분이며, 탑승인원은 406명 입니다.",2025.8.20 5:00,사람,입항 예정
"금일(21일) 울릉크루즈 울릉(사동항) 입항 예정시간은 06:00분이며, 탑승인원은 564명 입니다.",2025.8.21 4:54,사람,입항 예정
"금일(22일) 울릉크루즈 울릉(사동항) 입항 예정시간은 05:50분이며, 탑승인원은 744명 입니다.",2025.8.22 4:54,사람,입항 예정
"금일(23일) 울릉크루즈 울릉(사동항) 입항 예정시간은 05:50분이며, 탑승인원은 1005명 입니다.",2025.8.23 4:49,사람,입항 예정
"금일(24일) 울릉크루즈 울릉(사동항) 입항 예정시간은 05:50분이며, 탑승인원은 397명 입니다.",2025.8.24 4:53,사람,입항 예정
"금일(25일) 울릉크루즈 울릉(사동항) 입항 예정시간은 05:50분이며, 탑승인원은 623명 입니다.",2025.8.25 5:15,사람,입항 예정
"일(26일) 울릉크루즈 울릉(사동항) 입항 예정시간은 05:50분이며, 탑승인원은 633명 입니다.",2025.8.26 5:01,사람,입항 예정
"금일(27일) 울릉크루즈 울릉(사동항) 입항 예정시간은 05:50분이며, 탑승인원은 592명 입니다.",2025.8.27 4:53,사람,입항 예정
"금일(28일) 울릉크루즈 울릉(사동항) 입항 예정시간은 05:50분이며, 탑승인원은 674명 입니다.",2025.8.28 5:09,사람,입항 예정
"금일(29일) 울릉크루즈 울릉(사동항) 입항 예정시간은 05:50분이며, 탑승인원은 901명 입니다.",2025.8.29 5:02,사람,입항 예정
"금일(30일) 울릉크루즈 울릉(사동항) 입항 예정시간은 05:50분이며, 탑승인원은 875명 입니다.",2025.8.30 4:57,사람,입항 예정
"금일(31일) 울릉크루즈 울릉(사동항) 입항 예정시간은 05:50분이며, 탑승인원은 336명 입니다.",2025.8.31 4:51,사람,입항 예정
"금일(1일) 울릉크루즈 울릉(사동항) 입항 예정시간은 06:00분이며, 탑승인원은 658명 입니다.",2025.9.1 4:56,사람,입항 예정
[현포마을 일일택배 접수안내] 9.2~9.3 울릉크루즈 선박점검으로 인해 당일택배가 불가하오니 참고바랍니다. 9.4(목) 재개될 예정입니다.,2025.9.1 11:57,사람,미정
"금일(4일) 울릉크루즈 울릉(사동항) 입항 예정시간은 05:50분이며, 탑승인원은 1165명 입니다.",2025.9.4 5:02,사람,입항 예정
"금일(05일) 울릉크루즈 울릉(사동항) 입항 예정시간은 05:50분이며, 탑승인원은 884명 입니다.",2025.9.5 5:01,사람,입항 예정
"금일(06일) 울릉크루즈 울릉(사동항) 입항 예정시간은 06:00분이며, 탑승인원은 1173명 입니다.",2025.9.6 4:42,사람,입항 예정
"금일(07일) 울릉크루즈 울릉(사동항) 입항 예정시간은 06:00분이며, 탑승인원은 607명 입니다.",2025.9.7 4:51,사람,입항 예정
"금일(08일) 울릉크루즈 울릉(사동항) 입항 예정시간은 06:00분이며, 탑승인원은 753명 입니다.",2025.9.8 4:48,사람,입항 예정
"금일(09일) 울릉크루즈 울릉(사동항) 입항 예정시간은 06:00분이며, 탑승인원은 832명 입니다.",2025.9.9 4:48,사람,입항 예정
"금일(10일) 울릉크루즈 울릉(사동항) 입항 예정시간은 06:00분이며, 탑승인원은 558명 입니다.",2025.9.10 5:02,사람,입항 예정
"금일(11일) 울릉크루즈 울릉(사동항) 입항 예정시간은 06:00분이며, 탑승인원은 766명 입니다.",2025.9.11 5:05,사람,입항 예정
"금일(12일) 울릉크루즈 울릉(사동항) 입항 예정시간은 06:00분이며, 탑승인원은 1,087명 입니다.",2025.9.12 5:04,사람,입항 예정
"금일(13일) 울릉크루즈 울릉(사동항) 입항 예정시간은 06:00분이며, 탑승인원은 1,128명 입니다.",2025.9.13 4:55,사람,입항 예정
"금일(14일) 울릉크루즈 울릉(사동항) 입항 예정시간은 06:00분이며, 탑승인원은 705명 입니다.",2025.9.14 4:45,사람,입항 예정
"금일(15일) 울릉크루즈 울릉(사동항) 입항 예정시간은 06:00분이며, 탑승인원은 903명 입니다.",2025.9.15 4:56,사람,입항 예정
"금일(16일) 울릉크루즈 울릉(사동항) 입항 예정시간은 06:00분이며, 탑승인원은 1030명 입니다.",2025.9.16 4:45,사람,입항 예정
"금일(17일) 울릉크루즈 울릉(사동항) 입항 예정시간은 06:00분이며, 탑승인원은 623명 입니다.",2025.9.17 4:51,사람,입항 예정
"금일(18일) 울릉크루즈 울릉(사동항) 입항 예정시간은 07:20분이며, 탑승인원은 971명 입니다.",2025.9.18 4:56,사람,입항 예정
"금일(1일) 울릉크루즈 울릉(사동항) 입항 예정시간은 05:50분이며, 탑승인원은 927명 입니다.",2025.9.19 4:53,사람,입항 예정
"정정:금일(19일) 울릉크루즈 울릉(사동항) 입항 예정시간은 05:50분이며, 탑승인원은 927명 입니다.",2025.9.19 4:55,사람,입항 예정
"금일(20일) 울릉크루즈 울릉(사동항) 입항 예정시간은 05:50분이며, 탑승인원은 1148명 입니다.",2025.9.20 5:12,사람,입항 예정
"금일(21일) 울릉크루즈 울릉(사동항) 입항 예정시간은 06:10분이며, 탑승인원은 849명 입니다.",2025.9.21 4:57,사람,입항 예정
"금일(22일) 울릉크루즈 울릉(사동항) 입항 예정시간은 06:00분이며, 탑승인원은 793명 입니다.",2025.9.22 4:51,사람,입항 예정
"금일(23일) 울릉크루즈 울릉(사동항) 입항 예정시간은 06:00분이며, 탑승인원은 801명 입니다.",2025.9.23 5:01,사람,입항 예정
"금일(24일) 울릉크루즈 울릉(사동항) 입항 예정시간은 06:00분이며, 탑승인원은 651명 입니다.",2025.9.24 4:55,사람,입항 예정
"금일(25일) 울릉크루즈 울릉(사동항) 입항 예정시간은 06:10분이며, 탑승인원은 863명 입니다.",2025.9.25 5:10,사람,입항 예정
"금일(26일) 울릉크루즈 울릉(사동항) 입항 예정시간은 06:00분이며, 탑승인원은 854명 입니다.",2025.9.26 4:59,사람,입항 예정
"금일(27일) 울릉크루즈 울릉(사동항) 입항 예정시간은 06:00분이며, 탑승인원은 1070명 입니다.",2025.9.27 4:52,사람,입항 예정
"금일(28일) 울릉크루즈 울릉(사동항) 입항 예정시간은 06:00분이며, 탑승인원은 452명 입니다.",2025.9.28 4:54,사람,입항 예정
"금일(29일) 울릉크루즈 울릉(사동항) 입항 예정시간은 06:10분이며, 탑승인원은 590명 입니다.",2025.9.29 5:19,사람,입항 예정
"금일(30일) 울릉크루즈 울릉(사동항) 입항 예정시간은 06:00분이며, 탑승인원은 497명 입니다.",2025.9.30 5:07,사람,입항 예정
"금일(1일) 울릉크루즈 울릉(사동항) 입항 예정시간은 06:00분이며, 탑승인원은 405명 입니다.",2025.10.1 4:58,사람,입항 예정
"금일(2일) 울릉크루즈 울릉(사동항) 입항 예정시간은 06:00분이며, 탑승인원은 747명 입니다.",2025.10.2 4:52,사람,입항 예정
"금일(3일) 울릉크루즈 울릉(사동항) 입항 예정시간은 06:00분이며, 탑승인원은 1165명 입니다.",2025.10.3 4:52,사람,입항 예정
"금일(04일) 울릉크루즈 울릉(사동항) 입항 예정시간은 06:00분이며, 탑승인원은 1141명 입니다.",2025.10.4 4:54,사람,입항 예정
"금일(05일) 울릉크루즈 울릉(사동항) 입항 예정시간은 06:00분이며, 탑승인원은 1163명 입니다.",2025.10.5 4:52,사람,입항 예정
"금일(06일) 울릉크루즈 울릉(사동항) 입항 예정시간은 06:30분이며, 탑승인원은 1,139명 입니다.",2025.10.6 5:05,사람,입항 예정
"금일(07일) 울릉크루즈 울릉(사동항) 입항 예정시간은 06:30분이며, 탑승인원은 1,170명 입니다.",2025.10.7 4:40,사람,입항 예정
"금일(08일) 울릉크루즈 울릉(사동항) 입항 예정시간은 06:00분이며, 탑승인원은 1146명 입니다.",2025.10.8 4:56,사람,입항 예정
"금일(09일) 울릉크루즈 울릉(사동항) 입항 예정시간은 06:30분이며, 탑승인원은 1,168명 입니다.",2025.10.9 4:45,사람,입항 예정
"금일(10일) 울릉크루즈 울릉(사동항) 입항 예정시간은 06:00분이며, 탑승인원은 1,076명 입니다.",2025.10.10 4:37,사람,입항 예정
"금일(11일) 울릉크루즈 울릉(사동항) 입항 예정시간은 06:00분이며, 탑승인원은 848명 입니다.",2025.10.11 4:37,사람,입항 예정
"금일(12일) 울릉크루즈 울릉(사동항) 입항 예정시간은 06:30분이며, 탑승인원은 862명 입니다.",2025.10.12 5:02,사람,입항 예정
"금일(13일) 울릉크루즈 울릉(사동항) 입항 예정시간은 06:30분이며, 탑승인원은 759명 입니다.",2025.10.13 4:46,사람,입항 예정
"금일(14일) 울릉크루즈 울릉(사동항) 입항 예정시간은 06:30분이며, 탑승인원은 802명 입니다.",2025.10.14 4:54,사람,입항 예정
"금일(15일) 울릉크루즈 울릉(사동항) 입항 예정시간은 06:00분이며, 탑승인원은 659명 입니다.",2025.10.15 5:07,사람,입항 예정
"금일(16일) 울릉크루즈 울릉(사동항) 입항 예정시간은 06:10분이며, 탑승인원은 768명 입니다.",2025.10.16 4:55,사람,입항 예정
"금일(17일) 울릉크루즈 울릉(사동항) 입항 예정시간은 06:10분이며, 탑승인원은 651명 입니다.",2025.10.17 4:50,사람,입항 예정
"금일(18일) 울릉크루즈 울릉(사동항) 입항 예정시간은 06:20분이며, 탑승인원은 1007명 입니다.",2025.10.18 4:53,사람,입항 예정
"금일(19일) 울릉크루즈 울릉(사동항) 입항 예정시간은 07:00분이며, 탑승인원은 741명 입니다.",2025.10.19 4:58,사람,입항 예정
"금일(21일) 울릉크루즈 울릉(사동항) 입항 예정시간은 06:30분이며, 탑승인원은 1174명 입니다.",2025.10.21 4:59,사람,입항 예정
"금일(22일) 울릉크루즈 울릉(사동항) 입항 예정시간은 06:30분이며, 탑승인원은 859명 입니다.",2025.10.22 5:04,사람,입항 예정
"금일(23일) 울릉크루즈 울릉(사동항) 입항 예정시간은 06:20분이며, 탑승인원은 997명 입니다.",2025.10.23 4:51,사람,입항 예정
"금일(24일) 울릉크루즈 울릉(사동항) 입항 예정시간은 09:10분이며, 탑승인원은 844명 입니다.",2025.10.24 6:32,사람,입항 예정
"금일(25일) 울릉크루즈 울릉(사동항) 입항 예정시간은 06:05분이며, 탑승인원은 1175명 입니다.",2025.10.25 5:21,사람,입항 예정
"금일(26일) 울릉크루즈 울릉(사동항) 입항 예정시간은 06:00분이며, 탑승인원은 979명 입니다.",2025.10.26 5:03,사람,입항 예정
"금일(27일) 울릉크루즈 울릉(사동항) 입항 예정시간은 06:30분이며, 탑승인원은 795명 입니다.",2025.10.27 5:10,사람,입항 예정
"금일(28일) 울릉크루즈 울릉(사동항) 입항 예정시간은 06:30분이며, 탑승인원은 948명 입니다.",2025.10.28 5:11,사람,입항 예정
"금일(29일) 울릉크루즈 울릉(사동항) 입항 예정시간은 06:10분이며, 탑승인원은 781명 입니다.",2025.10.29 5:08,사람,입항 예정
"금일(30일) 울릉크루즈 울릉(사동항) 입항 예정시간은 06:10분이며, 탑승인원은 719명 입니다.",2025.10.30 5:07,사람,입항 예정
"금일(31일) 울릉크루즈 울릉(사동항) 입항 예정시간은 06:10분이며, 탑승인원은 792명 입니다.",2025.10.31 4:59,사람,입항 예정
"금일(01일) 울릉크루즈 울릉(사동항) 입항 예정시간은 06:00분이며, 탑승인원은 1152명 입니다.",2025.11.1 5:09,사람,입항 예정
"금일(02일) 울릉크루즈 울릉(사동항) 입항 예정시간은 06:40분이며, 탑승인원은 547명 입니다.",2025.11.2 5:00,사람,입항 예정
"금일(04일) 울릉크루즈 울릉(사동항) 입항 예정시간은 06:20분이며, 탑승인원은 1,116명 입니다.",2025.11.4 5:08,사람,입항 예정
"금일(05일) 울릉크루즈 울릉(사동항) 입항 예정시간은 06:10분이며, 탑승인원은 582명 입니다.",2025.11.5 4:41,사람,입항 예정
"금일(06일) 울릉크루즈 울릉(사동항) 입항 예정시간은 06:10분이며, 탑승인원은 634명 입니다.",2025.11.6 4:50,사람,입항 예정
"금일(07일) 울릉크루즈 울릉(사동항) 입항 예정시간은 06:00분이며, 탑승인원은 582명 입니다.",2025.11.7 5:02,사람,입항 예정
"금일(08일) 울릉크루즈 울릉(사동항) 입항 예정시간은 06:00분이며, 탑승인원은 841명 입니다.",2025.11.8 4:29,사람,입항 예정
"금일(09일) 울릉크루즈 울릉(사동항) 입항 예정시간은 06:10분이며, 탑승인원은 543명 입니다.",2025.11.9 4:53,사람,입항 예정
"금일(10일) 울릉크루즈 울릉(사동항) 입항 예정시간은 09:20분이며, 탑승인원은 621명 입니다.",2025.11.10 7:24,사람,입항 예정
"금일(11일) 울릉크루즈 울릉(사동항) 입항 예정시간은 06:05분이며, 탑승인원은 1,024명 입니다.",2025.11.11 4:58,사람,입항 예정
"금일(12일) 울릉크루즈 울릉(사동항) 입항 예정시간은 06:05분이며, 탑승인원은 565명 입니다.",2025.11.12 4:47,사람,입항 예정
"금일(13일) 울릉크루즈 울릉(사동항) 입항 예정시간은 06:00분이며, 탑승인원은 467명 입니다.",2025.11.13 4:50,사람,입항 예정
"금일(14일) 울릉크루즈 울릉(사동항) 입항 예정시간은 06:00분이며, 탑승인원은 737명 입니다.",2025.11.14 4:51,사람,입항 예정
