날짜,지점,강수량(mm),,,,,,,,,,,0
2018.1.1,115,0,,,,,,,,,,,
2018.1.2,115,0,,,,,,,,,,,
2018.1.3,115,3.8,,,,,,,,,,,
2018.1.4,115,5,,,,,,,,,,,
2018.1.5,115,1.9,,,,,,,,,,,
2018.1.6,115,1.9,,,,,,,,,,,
2018.1.7,115,,,,,,,,,,,,
2018.1.8,115,3.7,,,,,,,,,,,
2018.1.9,115,0.3,,,,,,,,,,,
2018.1.10,115,1,,,,,,,,,,,
2018.1.11,115,8.2,,,,,,,,,,,
2018.1.12,115,5.2,,,,,,,,,,,
2018.1.13,115,6.5,,,,,,,,,,,
2018.1.14,115,,,,,,,,,,,,
2018.1.15,115,,,,,,,,,,,,
2018.1.16,115,3.6,,,,,,,,,,,
2018.1.17,115,8.4,,,,,,,,,,,
2018.1.18,115,,,,,,,,,,,,
2018.1.19,115,,,,,,,,,,,,
2018.1.20,115,,,,,,,,,,,,
2018.1.21,115,,,,,,,,,,,,
2018.1.22,115,1.5,,,,,,,,,,,
2018.1.23,115,1.8,,,,,,,,,,,
2018.1.24,115,8.4,,,,,,,,,,,
2018.1.25,115,7.4,,,,,,,,,,,
2018.1.26,115,12.1,,,,,,,,,,,
2018.1.27,115,0.4,,,,,,,,,,,
2018.1.28,115,0,,,,,,,,,,,
2018.1.29,115,2.9,,,,,,,,,,,
2018.1.30,115,0.4,,,,,,,,,,,
2018.1.31,115,1.5,,,,,,,,,,,
2018.2.1,115,0,,,,,,,,,,,
2018.2.2,115,0.2,,,,,,,,,,,
2018.2.3,115,5.2,,,,,,,,,,,
2018.2.4,115,27.2,,,,,,,,,,,
2018.2.5,115,3.3,,,,,,,,,,,
2018.2.6,115,26.3,,,,,,,,,,,
2018.2.7,115,35.5,,,,,,,,,,,
2018.2.8,115,,,,,,,,,,,,
2018.2.9,115,,,,,,,,,,,,
2018.2.10,115,,,,,,,,,,,,
2018.2.11,115,0,,,,,,,,,,,
2018.2.12,115,0.1,,,,,,,,,,,
2018.2.13,115,0.5,,,,,,,,,,,
2018.2.14,115,0,,,,,,,,,,,
2018.2.15,115,0,,,,,,,,,,,
2018.2.16,115,,,,,,,,,,,,
2018.2.17,115,0,,,,,,,,,,,
2018.2.18,115,,,,,,,,,,,,
2018.2.19,115,,,,,,,,,,,,
2018.2.20,115,,,,,,,,,,,,
2018.2.21,115,3.3,,,,,,,,,,,
2018.2.22,115,0,,,,,,,,,,,
2018.2.23,115,,,,,,,,,,,,
2018.2.24,115,0.5,,,,,,,,,,,
2018.2.25,115,0.8,,,,,,,,,,,
2018.2.26,115,0.3,,,,,,,,,,,
2018.2.27,115,,,,,,,,,,,,
2018.2.28,115,25.4,,,,,,,,,,,
2018.3.1,115,28.2,,,,,,,,,,,
2018.3.2,115,0,,,,,,,,,,,
2018.3.3,115,,,,,,,,,,,,
2018.3.4,115,2.9,,,,,,,,,,,
2018.3.5,115,20.4,,,,,,,,,,,
2018.3.6,115,0,,,,,,,,,,,
2018.3.7,115,0.4,,,,,,,,,,,
2018.3.8,115,46.6,,,,,,,,,,,
2018.3.9,115,0,,,,,,,,,,,
2018.3.10,115,,,,,,,,,,,,
2018.3.11,115,,,,,,,,,,,,
2018.3.12,115,,,,,,,,,,,,
2018.3.13,115,,,,,,,,,,,,
2018.3.14,115,,,,,,,,,,,,
2018.3.15,115,18.6,,,,,,,,,,,
2018.3.16,115,0,,,,,,,,,,,
2018.3.17,115,,,,,,,,,,,,
2018.3.18,115,0.6,,,,,,,,,,,
2018.3.19,115,18.6,,,,,,,,,,,
2018.3.20,115,,,,,,,,,,,,
2018.3.21,115,5,,,,,,,,,,,
2018.3.22,115,,,,,,,,,,,,
2018.3.23,115,,,,,,,,,,,,
2018.3.24,115,,,,,,,,,,,,
2018.3.25,115,,,,,,,,,,,,
2018.3.26,115,,,,,,,,,,,,
2018.3.27,115,,,,,,,,,,,,
2018.3.28,115,,,,,,,,,,,,
2018.3.29,115,,,,,,,,,,,,
2018.3.30,115,,,,,,,,,,,,
2018.3.31,115,,,,,,,,,,,,
2018.4.1,115,,,,,,,,,,,,
2018.4.2,115,,,,,,,,,,,,
2018.4.3,115,,,,,,,,,,,,
2018.4.4,115,2.6,,,,,,,,,,,
2018.4.5,115,18,,,,,,,,,,,
2018.4.6,115,36.3,,,,,,,,,,,
2018.4.7,115,17,,,,,,,,,,,
2018.4.8,115,0,,,,,,,,,,,
2018.4.9,115,0,,,,,,,,,,,
2018.4.10,115,,,,,,,,,,,,
2018.4.11,115,0,,,,,,,,,,,
2018.4.12,115,,,,,,,,,,,,
2018.4.13,115,,,,,,,,,,,,
2018.4.14,115,32.1,,,,,,,,,,,
2018.4.15,115,,,,,,,,,,,,
2018.4.16,115,0,,,,,,,,,,,
2018.4.17,115,,,,,,,,,,,,
2018.4.18,115,,,,,,,,,,,,
2018.4.19,115,,,,,,,,,,,,
2018.4.20,115,,,,,,,,,,,,
2018.4.21,115,,,,,,,,,,,,
2018.4.22,115,0.2,,,,,,,,,,,
2018.4.23,115,15.9,,,,,,,,,,,
2018.4.24,115,27.9,,,,,,,,,,,
2018.4.25,115,,,,,,,,,,,,
2018.4.26,115,,,,,,,,,,,,
2018.4.27,115,,,,,,,,,,,,
2018.4.28,115,,,,,,,,,,,,
2018.4.29,115,,,,,,,,,,,,
2018.4.30,115,,,,,,,,,,,,
2018.5.1,115,,,,,,,,,,,,
2018.5.2,115,13.6,,,,,,,,,,,
2018.5.3,115,0.3,,,,,,,,,,,
2018.5.4,115,,,,,,,,,,,,
2018.5.5,115,,,,,,,,,,,,
2018.5.6,115,49.4,,,,,,,,,,,
2018.5.7,115,0.1,,,,,,,,,,,
2018.5.8,115,0,,,,,,,,,,,
2018.5.9,115,0,,,,,,,,,,,
2018.5.10,115,,,,,,,,,,,,
2018.5.11,115,,,,,,,,,,,,
2018.5.12,115,18.7,,,,,,,,,,,
2018.5.13,115,14.3,,,,,,,,,,,
2018.5.14,115,0,,,,,,,,,,,
2018.5.15,115,,,,,,,,,,,,
2018.5.16,115,3,,,,,,,,,,,
2018.5.17,115,,,,,,,,,,,,
2018.5.18,115,5.5,,,,,,,,,,,
2018.5.19,115,0,,,,,,,,,,,
2018.5.20,115,,,,,,,,,,,,
2018.5.21,115,,,,,,,,,,,,
2018.5.22,115,0,,,,,,,,,,,
2018.5.23,115,22.2,,,,,,,,,,,
2018.5.24,115,,,,,,,,,,,,
2018.5.25,115,,,,,,,,,,,,
2018.5.26,115,,,,,,,,,,,,
2018.5.27,115,,,,,,,,,,,,
2018.5.28,115,,,,,,,,,,,,
2018.5.29,115,,,,,,,,,,,,
2018.5.30,115,4.5,,,,,,,,,,,
2018.5.31,115,,,,,,,,,,,,
2018.6.1,115,,,,,,,,,,,,
2018.6.2,115,,,,,,,,,,,,
2018.6.3,115,,,,,,,,,,,,
2018.6.4,115,,,,,,,,,,,,
2018.6.5,115,0,,,,,,,,,,,
2018.6.6,115,,,,,,,,,,,,
2018.6.7,115,,,,,,,,,,,,
2018.6.8,115,,,,,,,,,,,,
2018.6.9,115,0,,,,,,,,,,,
2018.6.10,115,0,,,,,,,,,,,
2018.6.11,115,12.6,,,,,,,,,,,
2018.6.12,115,0,,,,,,,,,,,
2018.6.13,115,,,,,,,,,,,,
2018.6.14,115,,,,,,,,,,,,
2018.6.15,115,0,,,,,,,,,,,
2018.6.16,115,,,,,,,,,,,,
2018.6.17,115,,,,,,,,,,,,
2018.6.18,115,,,,,,,,,,,,
2018.6.19,115,,,,,,,,,,,,
2018.6.20,115,,,,,,,,,,,,
2018.6.21,115,,,,,,,,,,,,
2018.6.22,115,,,,,,,,,,,,
2018.6.23,115,,,,,,,,,,,,
2018.6.24,115,,,,,,,,,,,,
2018.6.25,115,,,,,,,,,,,,
2018.6.26,115,42.4,,,,,,,,,,,
2018.6.27,115,8.7,,,,,,,,,,,
2018.6.28,115,,,,,,,,,,,,
2018.6.29,115,0,,,,,,,,,,,
2018.6.30,115,1.3,,,,,,,,,,,
2018.7.1,115,6.2,,,,,,,,,,,
2018.7.2,115,4.8,,,,,,,,,,,
2018.7.3,115,25.6,,,,,,,,,,,
2018.7.4,115,39.3,,,,,,,,,,,
2018.7.5,115,50.9,,,,,,,,,,,
2018.7.6,115,25.5,,,,,,,,,,,
2018.7.7,115,1,,,,,,,,,,,
2018.7.8,115,2.1,,,,,,,,,,,
2018.7.9,115,8.5,,,,,,,,,,,
2018.7.10,115,12.4,,,,,,,,,,,
2018.7.11,115,8.6,,,,,,,,,,,
2018.7.12,115,,,,,,,,,,,,
2018.7.13,115,,,,,,,,,,,,
2018.7.14,115,,,,,,,,,,,,
2018.7.15,115,,,,,,,,,,,,
2018.7.16,115,,,,,,,,,,,,
2018.7.17,115,,,,,,,,,,,,
2018.7.18,115,,,,,,,,,,,,
2018.7.19,115,,,,,,,,,,,,
2018.7.20,115,,,,,,,,,,,,
2018.7.21,115,,,,,,,,,,,,
2018.7.22,115,,,,,,,,,,,,
2018.7.23,115,,,,,,,,,,,,
2018.7.24,115,,,,,,,,,,,,
2018.7.25,115,,,,,,,,,,,,
2018.7.26,115,,,,,,,,,,,,
2018.7.27,115,,,,,,,,,,,,
2018.7.28,115,,,,,,,,,,,,
2018.7.29,115,0,,,,,,,,,,,
2018.7.30,115,,,,,,,,,,,,
2018.7.31,115,,,,,,,,,,,,
2018.8.1,115,,,,,,,,,,,,
2018.8.2,115,,,,,,,,,,,,
2018.8.3,115,,,,,,,,,,,,
2018.8.4,115,,,,,,,,,,,,
2018.8.5,115,,,,,,,,,,,,
2018.8.6,115,15.6,,,,,,,,,,,
2018.8.7,115,,,,,,,,,,,,
2018.8.8,115,,,,,,,,,,,,
2018.8.9,115,,,,,,,,,,,,
2018.8.10,115,0,,,,,,,,,,,
2018.8.11,115,0,,,,,,,,,,,
2018.8.12,115,0,,,,,,,,,,,
2018.8.13,115,,,,,,,,,,,,
2018.8.14,115,,,,,,,,,,,,
2018.8.15,115,0,,,,,,,,,,,
2018.8.16,115,16.2,,,,,,,,,,,
2018.8.17,115,0.3,,,,,,,,,,,
2018.8.18,115,,,,,,,,,,,,
2018.8.19,115,,,,,,,,,,,,
2018.8.20,115,,,,,,,,,,,,
2018.8.21,115,,,,,,,,,,,,
2018.8.22,115,,,,,,,,,,,,
2018.8.23,115,,,,,,,,,,,,
2018.8.24,115,4.1,,,,,,,,,,,
2018.8.25,115,0.2,,,,,,,,,,,
2018.8.26,115,16.7,,,,,,,,,,,
2018.8.27,115,5.5,,,,,,,,,,,
2018.8.28,115,5.1,,,,,,,,,,,
2018.8.29,115,0.3,,,,,,,,,,,
2018.8.30,115,0.7,,,,,,,,,,,
2018.8.31,115,15,,,,,,,,,,,
2018.9.1,115,0.1,,,,,,,,,,,
2018.9.2,115,,,,,,,,,,,,
2018.9.3,115,4.9,,,,,,,,,,,
2018.9.4,115,16.5,,,,,,,,,,,
2018.9.5,115,,,,,,,,,,,,
2018.9.6,115,,,,,,,,,,,,
2018.9.7,115,0.2,,,,,,,,,,,
2018.9.8,115,,,,,,,,,,,,
2018.9.9,115,0.1,,,,,,,,,,,
2018.9.10,115,0,,,,,,,,,,,
2018.9.11,115,,,,,,,,,,,,
2018.9.12,115,0,,,,,,,,,,,
2018.9.13,115,21.1,,,,,,,,,,,
2018.9.14,115,2.6,,,,,,,,,,,
2018.9.15,115,1.4,,,,,,,,,,,
2018.9.16,115,5.3,,,,,,,,,,,
2018.9.17,115,,,,,,,,,,,,
2018.9.18,115,,,,,,,,,,,,
2018.9.19,115,0.2,,,,,,,,,,,
2018.9.20,115,3.3,,,,,,,,,,,
2018.9.21,115,7.9,,,,,,,,,,,
2018.9.22,115,,,,,,,,,,,,
2018.9.23,115,,,,,,,,,,,,
2018.9.24,115,,,,,,,,,,,,
2018.9.25,115,,,,,,,,,,,,
2018.9.26,115,,,,,,,,,,,,
2018.9.27,115,0.1,,,,,,,,,,,
2018.9.28,115,,,,,,,,,,,,
2018.9.29,115,9.5,,,,,,,,,,,
2018.9.30,115,9.8,,,,,,,,,,,
2018.10.1,115,0,,,,,,,,,,,
2018.10.2,115,0.1,,,,,,,,,,,
2018.10.3,115,,,,,,,,,,,,
2018.10.4,115,,,,,,,,,,,,
2018.10.5,115,111,,,,,,,,,,,
2018.10.6,115,74.3,,,,,,,,,,,
2018.10.7,115,0.6,,,,,,,,,,,
2018.10.8,115,,,,,,,,,,,,
2018.10.9,115,0,,,,,,,,,,,
2018.10.10,115,0,,,,,,,,,,,
2018.10.11,115,0,,,,,,,,,,,
2018.10.12,115,0,,,,,,,,,,,
2018.10.13,115,,,,,,,,,,,,
2018.10.14,115,,,,,,,,,,,,
2018.10.15,115,,,,,,,,,,,,
2018.10.16,115,13.4,,,,,,,,,,,
2018.10.17,115,10.3,,,,,,,,,,,
2018.10.18,115,23.7,,,,,,,,,,,
2018.10.19,115,,,,,,,,,,,,
2018.10.20,115,,,,,,,,,,,,
2018.10.21,115,,,,,,,,,,,,
2018.10.22,115,,,,,,,,,,,,
2018.10.23,115,0,,,,,,,,,,,
2018.10.24,115,,,,,,,,,,,,
2018.10.25,115,,,,,,,,,,,,
2018.10.26,115,7.9,,,,,,,,,,,
2018.10.27,115,,,,,,,,,,,,
2018.10.28,115,6.5,,,,,,,,,,,
2018.10.29,115,1.1,,,,,,,,,,,
2018.10.30,115,0,,,,,,,,,,,
2018.10.31,115,12,,,,,,,,,,,
2018.11.1,115,0,,,,,,,,,,,
2018.11.2,115,,,,,,,,,,,,
2018.11.3,115,,,,,,,,,,,,
2018.11.4,115,,,,,,,,,,,,
2018.11.5,115,2.1,,,,,,,,,,,
2018.11.6,115,0.2,,,,,,,,,,,
2018.11.7,115,0.2,,,,,,,,,,,
2018.11.8,115,20.6,,,,,,,,,,,
2018.11.9,115,0.7,,,,,,,,,,,
2018.11.10,115,,,,,,,,,,,,
2018.11.11,115,,,,,,,,,,,,
2018.11.12,115,0,,,,,,,,,,,
2018.11.13,115,0,,,,,,,,,,,
2018.11.14,115,0.6,,,,,,,,,,,
2018.11.15,115,,,,,,,,,,,,
2018.11.16,115,0,,,,,,,,,,,
2018.11.17,115,7.2,,,,,,,,,,,
2018.11.18,115,4.4,,,,,,,,,,,
2018.11.19,115,0,,,,,,,,,,,
2018.11.20,115,1.3,,,,,,,,,,,
2018.11.21,115,0,,,,,,,,,,,
2018.11.22,115,0,,,,,,,,,,,
2018.11.23,115,2.8,,,,,,,,,,,
2018.11.24,115,2.8,,,,,,,,,,,
2018.11.25,115,,,,,,,,,,,,
2018.11.26,115,,,,,,,,,,,,
2018.11.27,115,,,,,,,,,,,,
2018.11.28,115,,,,,,,,,,,,
2018.11.29,115,,,,,,,,,,,,
2018.11.30,115,,,,,,,,,,,,
2018.12.1,115,,,,,,,,,,,,
2018.12.2,115,,,,,,,,,,,,
2018.12.3,115,1,,,,,,,,,,,
2018.12.4,115,13.1,,,,,,,,,,,
2018.12.5,115,29.9,,,,,,,,,,,
2018.12.6,115,60.6,,,,,,,,,,,
2018.12.7,115,4.5,,,,,,,,,,,
2018.12.8,115,0,,,,,,,,,,,
2018.12.9,115,4.4,,,,,,,,,,,
2018.12.10,115,0.7,,,,,,,,,,,
2018.12.11,115,12.9,,,,,,,,,,,
2018.12.12,115,30.5,,,,,,,,,,,
2018.12.13,115,7.9,,,,,,,,,,,
2018.12.14,115,24.1,,,,,,,,,,,
2018.12.15,115,0.4,,,,,,,,,,,
2018.12.16,115,0.1,,,,,,,,,,,
2018.12.17,115,0.8,,,,,,,,,,,
2018.12.18,115,,,,,,,,,,,,
2018.12.19,115,,,,,,,,,,,,
2018.12.20,115,,,,,,,,,,,,
2018.12.21,115,,,,,,,,,,,,
2018.12.22,115,,,,,,,,,,,,
2018.12.23,115,13.2,,,,,,,,,,,
2018.12.24,115,0,,,,,,,,,,,
2018.12.25,115,,,,,,,,,,,,
2018.12.26,115,0,,,,,,,,,,,
2018.12.27,115,8.5,,,,,,,,,,,
2018.12.28,115,10.7,,,,,,,,,,,
2018.12.29,115,8.2,,,,,,,,,,,
2018.12.30,115,1.1,,,,,,,,,,,
2018.12.31,115,,,,,,,,,,,,
2019.1.1,115,0,,,,,,,,,,,
2019.1.2,115,0,,,,,,,,,,,
2019.1.3,115,,,,,,,,,,,,
2019.1.4,115,,,,,,,,,,,,
2019.1.5,115,5.9,,,,,,,,,,,
2019.1.6,115,0.8,,,,,,,,,,,
2019.1.7,115,,,,,,,,,,,,
2019.1.8,115,0.6,,,,,,,,,,,
2019.1.9,115,2.2,,,,,,,,,,,
2019.1.10,115,,,,,,,,,,,,
2019.1.11,115,0.3,,,,,,,,,,,
2019.1.12,115,12.6,,,,,,,,,,,
2019.1.13,115,5.8,,,,,,,,,,,
2019.1.14,115,2.4,,,,,,,,,,,
2019.1.15,115,1.9,,,,,,,,,,,
2019.1.16,115,0.9,,,,,,,,,,,
2019.1.17,115,,,,,,,,,,,,
2019.1.18,115,0,,,,,,,,,,,
2019.1.19,115,,,,,,,,,,,,
2019.1.20,115,1.9,,,,,,,,,,,
2019.1.21,115,0,,,,,,,,,,,
2019.1.22,115,0,,,,,,,,,,,
2019.1.23,115,,,,,,,,,,,,
2019.1.24,115,,,,,,,,,,,,
2019.1.25,115,16.5,,,,,,,,,,,
2019.1.26,115,0.3,,,,,,,,,,,
2019.1.27,115,,,,,,,,,,,,
2019.1.28,115,0,,,,,,,,,,,
2019.1.29,115,0,,,,,,,,,,,
2019.1.30,115,,,,,,,,,,,,
2019.1.31,115,5.1,,,,,,,,,,,
2019.2.1,115,1,,,,,,,,,,,
2019.2.2,115,,,,,,,,,,,,
2019.2.3,115,29.5,,,,,,,,,,,
2019.2.4,115,0.1,,,,,,,,,,,
2019.2.5,115,,,,,,,,,,,,
2019.2.6,115,,,,,,,,,,,,
2019.2.7,115,8.4,,,,,,,,,,,
2019.2.8,115,2.3,,,,,,,,,,,
2019.2.9,115,12.7,,,,,,,,,,,
2019.2.10,115,5.6,,,,,,,,,,,
2019.2.11,115,5.5,,,,,,,,,,,
2019.2.12,115,0,,,,,,,,,,,
2019.2.13,115,5.4,,,,,,,,,,,
2019.2.14,115,0,,,,,,,,,,,
2019.2.15,115,0.9,,,,,,,,,,,
2019.2.16,115,5.3,,,,,,,,,,,
2019.2.17,115,0,,,,,,,,,,,
2019.2.18,115,,,,,,,,,,,,
2019.2.19,115,18.1,,,,,,,,,,,
2019.2.20,115,0,,,,,,,,,,,
2019.2.21,115,,,,,,,,,,,,
2019.2.22,115,,,,,,,,,,,,
2019.2.23,115,0.4,,,,,,,,,,,
2019.2.24,115,,,,,,,,,,,,
2019.2.25,115,,,,,,,,,,,,
2019.2.26,115,0.1,,,,,,,,,,,
2019.2.27,115,,,,,,,,,,,,
2019.2.28,115,1.3,,,,,,,,,,,
2019.3.1,115,,,,,,,,,,,,
2019.3.2,115,,,,,,,,,,,,
2019.3.3,115,,,,,,,,,,,,
2019.3.4,115,,,,,,,,,,,,
2019.3.5,115,,,,,,,,,,,,
2019.3.6,115,0,,,,,,,,,,,
2019.3.7,115,,,,,,,,,,,,
2019.3.8,115,,,,,,,,,,,,
2019.3.9,115,,,,,,,,,,,,
2019.3.10,115,18.2,,,,,,,,,,,
2019.3.11,115,7,,,,,,,,,,,
2019.3.12,115,1.8,,,,,,,,,,,
2019.3.13,115,0,,,,,,,,,,,
2019.3.14,115,0,,,,,,,,,,,
2019.3.15,115,,,,,,,,,,,,
2019.3.16,115,0,,,,,,,,,,,
2019.3.17,115,7.1,,,,,,,,,,,
2019.3.18,115,,,,,,,,,,,,
2019.3.19,115,,,,,,,,,,,,
2019.3.20,115,3.7,,,,,,,,,,,
2019.3.21,115,5,,,,,,,,,,,
2019.3.22,115,0,,,,,,,,,,,
2019.3.23,115,5.3,,,,,,,,,,,
2019.3.24,115,0,,,,,,,,,,,
2019.3.25,115,,,,,,,,,,,,
2019.3.26,115,,,,,,,,,,,,
2019.3.27,115,,,,,,,,,,,,
2019.3.28,115,0.3,,,,,,,,,,,
2019.3.29,115,24.6,,,,,,,,,,,
2019.3.30,115,6.3,,,,,,,,,,,
2019.3.31,115,12,,,,,,,,,,,
2019.4.1,115,3.9,,,,,,,,,,,
2019.4.2,115,3.9,,,,,,,,,,,
2019.4.3,115,6.5,,,,,,,,,,,
2019.4.4,115,,,,,,,,,,,,
2019.4.5,115,,,,,,,,,,,,
2019.4.6,115,1.1,,,,,,,,,,,
2019.4.7,115,0,,,,,,,,,,,
2019.4.8,115,,,,,,,,,,,,
2019.4.9,115,3.8,,,,,,,,,,,
2019.4.10,115,19.3,,,,,,,,,,,
2019.4.11,115,,,,,,,,,,,,
2019.4.12,115,,,,,,,,,,,,
2019.4.13,115,,,,,,,,,,,,
2019.4.14,115,4.7,,,,,,,,,,,
2019.4.15,115,,,,,,,,,,,,
2019.4.16,115,,,,,,,,,,,,
2019.4.17,115,,,,,,,,,,,,
2019.4.18,115,,,,,,,,,,,,
2019.4.19,115,,,,,,,,,,,,
2019.4.20,115,,,,,,,,,,,,
2019.4.21,115,,,,,,,,,,,,
2019.4.22,115,,,,,,,,,,,,
2019.4.23,115,,,,,,,,,,,,
2019.4.24,115,19.9,,,,,,,,,,,
2019.4.25,115,5.5,,,,,,,,,,,
2019.4.26,115,4.3,,,,,,,,,,,
2019.4.27,115,,,,,,,,,,,,
2019.4.28,115,,,,,,,,,,,,
2019.4.29,115,3.5,,,,,,,,,,,
2019.4.30,115,,,,,,,,,,,,
2019.5.1,115,,,,,,,,,,,,
2019.5.2,115,,,,,,,,,,,,
2019.5.3,115,,,,,,,,,,,,
2019.5.4,115,,,,,,,,,,,,
2019.5.5,115,,,,,,,,,,,,
2019.5.6,115,0,,,,,,,,,,,
2019.5.7,115,,,,,,,,,,,,
2019.5.8,115,,,,,,,,,,,,
2019.5.9,115,,,,,,,,,,,,
2019.5.10,115,,,,,,,,,,,,
2019.5.11,115,,,,,,,,,,,,
2019.5.12,115,,,,,,,,,,,,
2019.5.13,115,,,,,,,,,,,,
2019.5.14,115,,,,,,,,,,,,
2019.5.15,115,,,,,,,,,,,,
2019.5.16,115,,,,,,,,,,,,
2019.5.17,115,,,,,,,,,,,,
2019.5.18,115,,,,,,,,,,,,
2019.5.19,115,1.7,,,,,,,,,,,
2019.5.20,115,5,,,,,,,,,,,
2019.5.21,115,,,,,,,,,,,,
2019.5.22,115,,,,,,,,,,,,
2019.5.23,115,,,,,,,,,,,,
2019.5.24,115,,,,,,,,,,,,
2019.5.25,115,,,,,,,,,,,,
2019.5.26,115,,,,,,,,,,,,
2019.5.27,115,11.6,,,,,,,,,,,
2019.5.28,115,,,,,,,,,,,,
2019.5.29,115,,,,,,,,,,,,
2019.5.30,115,0,,,,,,,,,,,
2019.5.31,115,0.7,,,,,,,,,,,
2019.6.1,115,,,,,,,,,,,,
2019.6.2,115,,,,,,,,,,,,
2019.6.3,115,,,,,,,,,,,,
2019.6.4,115,,,,,,,,,,,,
2019.6.5,115,,,,,,,,,,,,
2019.6.6,115,4.1,,,,,,,,,,,
2019.6.7,115,43.3,,,,,,,,,,,
2019.6.8,115,,,,,,,,,,,,
2019.6.9,115,,,,,,,,,,,,
2019.6.10,115,0.4,,,,,,,,,,,
2019.6.11,115,0,,,,,,,,,,,
2019.6.12,115,0,,,,,,,,,,,
2019.6.13,115,,,,,,,,,,,,
2019.6.14,115,0.6,,,,,,,,,,,
2019.6.15,115,18.2,,,,,,,,,,,
2019.6.16,115,0.9,,,,,,,,,,,
2019.6.17,115,0,,,,,,,,,,,
2019.6.18,115,0.2,,,,,,,,,,,
2019.6.19,115,0.1,,,,,,,,,,,
2019.6.20,115,,,,,,,,,,,,
2019.6.21,115,0,,,,,,,,,,,
2019.6.22,115,0,,,,,,,,,,,
2019.6.23,115,0,,,,,,,,,,,
2019.6.24,115,0,,,,,,,,,,,
2019.6.25,115,,,,,,,,,,,,
2019.6.26,115,14.8,,,,,,,,,,,
2019.6.27,115,147.4,,,,,,,,,,,
2019.6.28,115,,,,,,,,,,,,
2019.6.29,115,10.6,,,,,,,,,,,
2019.6.30,115,1.4,,,,,,,,,,,
2019.7.1,115,,,,,,,,,,,,
2019.7.2,115,,,,,,,,,,,,
2019.7.3,115,,,,,,,,,,,,
2019.7.4,115,,,,,,,,,,,,
2019.7.5,115,,,,,,,,,,,,
2019.7.6,115,,,,,,,,,,,,
2019.7.7,115,0,,,,,,,,,,,
2019.7.8,115,0,,,,,,,,,,,
2019.7.9,115,1.4,,,,,,,,,,,
2019.7.10,115,5.4,,,,,,,,,,,
2019.7.11,115,51.7,,,,,,,,,,,
2019.7.12,115,0,,,,,,,,,,,
2019.7.13,115,,,,,,,,,,,,
2019.7.14,115,,,,,,,,,,,,
2019.7.15,115,0.3,,,,,,,,,,,
2019.7.16,115,,,,,,,,,,,,
2019.7.17,115,,,,,,,,,,,,
2019.7.18,115,2.2,,,,,,,,,,,
2019.7.19,115,1.3,,,,,,,,,,,
2019.7.20,115,20.1,,,,,,,,,,,
2019.7.21,115,19.6,,,,,,,,,,,
2019.7.22,115,,,,,,,,,,,,
2019.7.23,115,,,,,,,,,,,,
2019.7.24,115,,,,,,,,,,,,
2019.7.25,115,,,,,,,,,,,,
2019.7.26,115,,,,,,,,,,,,
2019.7.27,115,3.7,,,,,,,,,,,
2019.7.28,115,,,,,,,,,,,,
2019.7.29,115,0.1,,,,,,,,,,,
2019.7.30,115,,,,,,,,,,,,
2019.7.31,115,,,,,,,,,,,,
2019.8.1,115,,,,,,,,,,,,
2019.8.2,115,,,,,,,,,,,,
2019.8.3,115,,,,,,,,,,,,
2019.8.4,115,,,,,,,,,,,,
2019.8.5,115,,,,,,,,,,,,
2019.8.6,115,0.2,,,,,,,,,,,
2019.8.7,115,0.7,,,,,,,,,,,
2019.8.8,115,0,,,,,,,,,,,
2019.8.9,115,0,,,,,,,,,,,
2019.8.10,115,,,,,,,,,,,,
2019.8.11,115,,,,,,,,,,,,
2019.8.12,115,,,,,,,,,,,,
2019.8.13,115,,,,,,,,,,,,
2019.8.14,115,0.4,,,,,,,,,,,
2019.8.15,115,17.5,,,,,,,,,,,
2019.8.16,115,14.7,,,,,,,,,,,
2019.8.17,115,,,,,,,,,,,,
2019.8.18,115,,,,,,,,,,,,
2019.8.19,115,,,,,,,,,,,,
2019.8.20,115,,,,,,,,,,,,
2019.8.21,115,,,,,,,,,,,,
2019.8.22,115,2.4,,,,,,,,,,,
2019.8.23,115,,,,,,,,,,,,
2019.8.24,115,,,,,,,,,,,,
2019.8.25,115,0,,,,,,,,,,,
2019.8.26,115,0,,,,,,,,,,,
2019.8.27,115,5.1,,,,,,,,,,,
2019.8.28,115,0,,,,,,,,,,,
2019.8.29,115,,,,,,,,,,,,
2019.8.30,115,,,,,,,,,,,,
2019.8.31,115,,,,,,,,,,,,
2019.9.1,115,,,,,,,,,,,,
2019.9.2,115,0,,,,,,,,,,,
2019.9.3,115,10.9,,,,,,,,,,,
2019.9.4,115,32.2,,,,,,,,,,,
2019.9.5,115,0,,,,,,,,,,,
2019.9.6,115,,,,,,,,,,,,
2019.9.7,115,,,,,,,,,,,,
2019.9.8,115,0,,,,,,,,,,,
2019.9.9,115,0,,,,,,,,,,,
2019.9.10,115,,,,,,,,,,,,
2019.9.11,115,35.2,,,,,,,,,,,
2019.9.12,115,,,,,,,,,,,,
2019.9.13,115,0,,,,,,,,,,,
2019.9.14,115,,,,,,,,,,,,
2019.9.15,115,0,,,,,,,,,,,
2019.9.16,115,,,,,,,,,,,,
2019.9.17,115,,,,,,,,,,,,
2019.9.18,115,,,,,,,,,,,,
2019.9.19,115,,,,,,,,,,,,
2019.9.20,115,0,,,,,,,,,,,
2019.9.21,115,13.5,,,,,,,,,,,
2019.9.22,115,94.9,,,,,,,,,,,
2019.9.23,115,61.7,,,,,,,,,,,
2019.9.24,115,,,,,,,,,,,,
2019.9.25,115,,,,,,,,,,,,
2019.9.26,115,,,,,,,,,,,,
2019.9.27,115,,,,,,,,,,,,
2019.9.28,115,7.8,,,,,,,,,,,
2019.9.29,115,,,,,,,,,,,,
2019.9.30,115,,,,,,,,,,,,
2019.10.1,115,,,,,,,,,,,,
2019.10.2,115,27.5,,,,,,,,,,,
2019.10.3,115,68.5,,,,,,,,,,,
2019.10.4,115,0.9,,,,,,,,,,,
2019.10.5,115,21.1,,,,,,,,,,,
2019.10.6,115,,,,,,,,,,,,
2019.10.7,115,4,,,,,,,,,,,
2019.10.8,115,0,,,,,,,,,,,
2019.10.9,115,,,,,,,,,,,,
2019.10.10,115,,,,,,,,,,,,
2019.10.11,115,,,,,,,,,,,,
2019.10.12,115,,,,,,,,,,,,
2019.10.13,115,,,,,,,,,,,,
2019.10.14,115,0.5,,,,,,,,,,,
2019.10.15,115,0,,,,,,,,,,,
2019.10.16,115,,,,,,,,,,,,
2019.10.17,115,,,,,,,,,,,,
2019.10.18,115,6.5,,,,,,,,,,,
2019.10.19,115,15.9,,,,,,,,,,,
2019.10.20,115,,,,,,,,,,,,
2019.10.21,115,,,,,,,,,,,,
2019.10.22,115,,,,,,,,,,,,
2019.10.23,115,,,,,,,,,,,,
2019.10.24,115,19.6,,,,,,,,,,,
2019.10.25,115,9.4,,,,,,,,,,,
2019.10.26,115,0.2,,,,,,,,,,,
2019.10.27,115,18.4,,,,,,,,,,,
2019.10.28,115,,,,,,,,,,,,
2019.10.29,115,0,,,,,,,,,,,
2019.10.30,115,,,,,,,,,,,,
2019.10.31,115,,,,,,,,,,,,
2019.11.1,115,,,,,,,,,,,,
2019.11.2,115,,,,,,,,,,,,
2019.11.3,115,,,,,,,,,,,,
2019.11.4,115,,,,,,,,,,,,
2019.11.5,115,,,,,,,,,,,,
2019.11.6,115,0,,,,,,,,,,,
2019.11.7,115,0.9,,,,,,,,,,,
2019.11.8,115,3.5,,,,,,,,,,,
2019.11.9,115,16.1,,,,,,,,,,,
2019.11.10,115,0,,,,,,,,,,,
2019.11.11,115,18.8,,,,,,,,,,,
2019.11.12,115,0.9,,,,,,,,,,,
2019.11.13,115,0,,,,,,,,,,,
2019.11.14,115,0,,,,,,,,,,,
2019.11.15,115,6.6,,,,,,,,,,,
2019.11.16,115,0.1,,,,,,,,,,,
2019.11.17,115,0.7,,,,,,,,,,,
2019.11.18,115,9.8,,,,,,,,,,,
2019.11.19,115,0,,,,,,,,,,,
2019.11.20,115,0.2,,,,,,,,,,,
2019.11.21,115,,,,,,,,,,,,
2019.11.22,115,,,,,,,,,,,,
2019.11.23,115,,,,,,,,,,,,
2019.11.24,115,0,,,,,,,,,,,
2019.11.25,115,16.2,,,,,,,,,,,
2019.11.26,115,0.2,,,,,,,,,,,
2019.11.27,115,13.3,,,,,,,,,,,
2019.11.28,115,1.7,,,,,,,,,,,
2019.11.29,115,20,,,,,,,,,,,
2019.11.30,115,12.2,,,,,,,,,,,
2019.12.1,115,7,,,,,,,,,,,
2019.12.2,115,4.2,,,,,,,,,,,
2019.12.3,115,0,,,,,,,,,,,
2019.12.4,115,0.2,,,,,,,,,,,
2019.12.5,115,3.3,,,,,,,,,,,
2019.12.6,115,2.9,,,,,,,,,,,
2019.12.7,115,0,,,,,,,,,,,
2019.12.8,115,0,,,,,,,,,,,
2019.12.9,115,,,,,,,,,,,,
2019.12.10,115,,,,,,,,,,,,
2019.12.11,115,,,,,,,,,,,,
2019.12.12,115,0.4,,,,,,,,,,,
2019.12.13,115,,,,,,,,,,,,
2019.12.14,115,2.2,,,,,,,,,,,
2019.12.15,115,,,,,,,,,,,,
2019.12.16,115,,,,,,,,,,,,
2019.12.17,115,0.6,,,,,,,,,,,
2019.12.18,115,1,,,,,,,,,,,
2019.12.19,115,7.5,,,,,,,,,,,
2019.12.20,115,0,,,,,,,,,,,
2019.12.21,115,,,,,,,,,,,,
2019.12.22,115,0,,,,,,,,,,,
2019.12.23,115,11.2,,,,,,,,,,,
2019.12.24,115,2.1,,,,,,,,,,,
2019.12.25,115,,,,,,,,,,,,
2019.12.26,115,8.7,,,,,,,,,,,
2019.12.27,115,5.9,,,,,,,,,,,
2019.12.28,115,0,,,,,,,,,,,
2019.12.29,115,0,,,,,,,,,,,
2019.12.30,115,0.8,,,,,,,,,,,
2019.12.31,115,10.2,,,,,,,,,,,
2020.1.1,115,,,,,,,,,,,,
2020.1.2,115,,,,,,,,,,,,
2020.1.3,115,,,,,,,,,,,,
2020.1.4,115,1.5,,,,,,,,,,,
2020.1.5,115,4.7,,,,,,,,,,,
2020.1.6,115,2.8,,,,,,,,,,,
2020.1.7,115,26.3,,,,,,,,,,,
2020.1.8,115,14,,,,,,,,,,,
2020.1.9,115,1.1,,,,,,,,,,,
2020.1.10,115,,,,,,,,,,,,
2020.1.11,115,0,,,,,,,,,,,
2020.1.12,115,11.1,,,,,,,,,,,
2020.1.13,115,3,,,,,,,,,,,
2020.1.14,115,22.8,,,,,,,,,,,
2020.1.15,115,1.2,,,,,,,,,,,
2020.1.16,115,,,,,,,,,,,,
2020.1.17,115,7.3,,,,,,,,,,,
2020.1.18,115,0,,,,,,,,,,,
2020.1.19,115,0.1,,,,,,,,,,,
2020.1.20,115,,,,,,,,,,,,
2020.1.21,115,1.4,,,,,,,,,,,
2020.1.22,115,,,,,,,,,,,,
2020.1.23,115,0,,,,,,,,,,,
2020.1.24,115,,,,,,,,,,,,
2020.1.25,115,0,,,,,,,,,,,
2020.1.26,115,1.6,,,,,,,,,,,
2020.1.27,115,0.8,,,,,,,,,,,
2020.1.28,115,10.4,,,,,,,,,,,
2020.1.29,115,2.3,,,,,,,,,,,
2020.1.30,115,0,,,,,,,,,,,
2020.1.31,115,0.5,,,,,,,,,,,
2020.2.1,115,0.2,,,,,,,,,,,
2020.2.2,115,,,,,,,,,,,,
2020.2.3,115,0,,,,,,,,,,,
2020.2.4,115,,,,,,,,,,,,
2020.2.5,115,26,,,,,,,,,,,
2020.2.6,115,3.2,,,,,,,,,,,
2020.2.7,115,0,,,,,,,,,,,
2020.2.8,115,3.8,,,,,,,,,,,
2020.2.9,115,0,,,,,,,,,,,
2020.2.10,115,0.2,,,,,,,,,,,
2020.2.11,115,,,,,,,,,,,,
2020.2.12,115,37.6,,,,,,,,,,,
2020.2.13,115,1.4,,,,,,,,,,,
2020.2.14,115,,,,,,,,,,,,
2020.2.15,115,,,,,,,,,,,,
2020.2.16,115,15,,,,,,,,,,,
2020.2.17,115,78.4,,,,,,,,,,,
2020.2.18,115,28.8,,,,,,,,,,,
2020.2.19,115,,,,,,,,,,,,
2020.2.20,115,,,,,,,,,,,,
2020.2.21,115,0,,,,,,,,,,,
2020.2.22,115,1.7,,,,,,,,,,,
2020.2.23,115,,,,,,,,,,,,
2020.2.24,115,,,,,,,,,,,,
2020.2.25,115,18.2,,,,,,,,,,,
2020.2.26,115,0,,,,,,,,,,,
2020.2.27,115,,,,,,,,,,,,
2020.2.28,115,1.2,,,,,,,,,,,
2020.2.29,115,0,,,,,,,,,,,
2020.3.1,115,,,,,,,,,,,,
2020.3.2,115,1.8,,,,,,,,,,,
2020.3.3,115,,,,,,,,,,,,
2020.3.4,115,3.5,,,,,,,,,,,
2020.3.5,115,2.6,,,,,,,,,,,
2020.3.6,115,,,,,,,,,,,,
2020.3.7,115,,,,,,,,,,,,
2020.3.8,115,,,,,,,,,,,,
2020.3.9,115,,,,,,,,,,,,
2020.3.10,115,23.5,,,,,,,,,,,
2020.3.11,115,4,,,,,,,,,,,
2020.3.12,115,,,,,,,,,,,,
2020.3.13,115,0,,,,,,,,,,,
2020.3.14,115,2.7,,,,,,,,,,,
2020.3.15,115,0.4,,,,,,,,,,,
2020.3.16,115,0.2,,,,,,,,,,,
2020.3.17,115,0,,,,,,,,,,,
2020.3.18,115,,,,,,,,,,,,
2020.3.19,115,,,,,,,,,,,,
2020.3.20,115,,,,,,,,,,,,
2020.3.21,115,0.1,,,,,,,,,,,
2020.3.22,115,,,,,,,,,,,,
2020.3.23,115,,,,,,,,,,,,
2020.3.24,115,,,,,,,,,,,,
2020.3.25,115,,,,,,,,,,,,
2020.3.26,115,6.1,,,,,,,,,,,
2020.3.27,115,20.6,,,,,,,,,,,
2020.3.28,115,,,,,,,,,,,,
2020.3.29,115,,,,,,,,,,,,
2020.3.30,115,,,,,,,,,,,,
2020.3.31,115,,,,,,,,,,,,
2020.4.1,115,0,,,,,,,,,,,
2020.4.2,115,,,,,,,,,,,,
2020.4.3,115,,,,,,,,,,,,
2020.4.4,115,0,,,,,,,,,,,
2020.4.5,115,,,,,,,,,,,,
2020.4.6,115,,,,,,,,,,,,
2020.4.7,115,,,,,,,,,,,,
2020.4.8,115,6.6,,,,,,,,,,,
2020.4.9,115,,,,,,,,,,,,
2020.4.10,115,,,,,,,,,,,,
2020.4.11,115,,,,,,,,,,,,
2020.4.12,115,,,,,,,,,,,,
2020.4.13,115,,,,,,,,,,,,
2020.4.14,115,,,,,,,,,,,,
2020.4.15,115,,,,,,,,,,,,
2020.4.16,115,,,,,,,,,,,,
2020.4.17,115,13.1,,,,,,,,,,,
2020.4.18,115,0,,,,,,,,,,,
2020.4.19,115,13.5,,,,,,,,,,,
2020.4.20,115,2.8,,,,,,,,,,,
2020.4.21,115,,,,,,,,,,,,
2020.4.22,115,0.1,,,,,,,,,,,
2020.4.23,115,2.6,,,,,,,,,,,
2020.4.24,115,0.5,,,,,,,,,,,
2020.4.25,115,,,,,,,,,,,,
2020.4.26,115,,,,,,,,,,,,
2020.4.27,115,5.3,,,,,,,,,,,
2020.4.28,115,,,,,,,,,,,,
2020.4.29,115,,,,,,,,,,,,
2020.4.30,115,,,,,,,,,,,,
2020.5.1,115,,,,,,,,,,,,
2020.5.2,115,,,,,,,,,,,,
2020.5.3,115,0,,,,,,,,,,,
2020.5.4,115,,,,,,,,,,,,
2020.5.5,115,2.4,,,,,,,,,,,
2020.5.6,115,0.1,,,,,,,,,,,
2020.5.7,115,,,,,,,,,,,,
2020.5.8,115,,,,,,,,,,,,
2020.5.9,115,53.3,,,,,,,,,,,
2020.5.10,115,,,,,,,,,,,,
2020.5.11,115,,,,,,,,,,,,
2020.5.12,115,,,,,,,,,,,,
2020.5.13,115,,,,,,,,,,,,
2020.5.14,115,,,,,,,,,,,,
2020.5.15,115,16,,,,,,,,,,,
2020.5.16,115,1.8,,,,,,,,,,,
2020.5.17,115,,,,,,,,,,,,
2020.5.18,115,0,,,,,,,,,,,
2020.5.19,115,36.3,,,,,,,,,,,
2020.5.20,115,12.5,,,,,,,,,,,
2020.5.21,115,1.4,,,,,,,,,,,
2020.5.22,115,,,,,,,,,,,,
2020.5.23,115,0,,,,,,,,,,,
2020.5.24,115,0.8,,,,,,,,,,,
2020.5.25,115,,,,,,,,,,,,
2020.5.26,115,,,,,,,,,,,,
2020.5.27,115,0,,,,,,,,,,,
2020.5.28,115,,,,,,,,,,,,
2020.5.29,115,,,,,,,,,,,,
2020.5.30,115,,,,,,,,,,,,
2020.5.31,115,,,,,,,,,,,,
2020.6.1,115,,,,,,,,,,,,
2020.6.2,115,,,,,,,,,,,,
2020.6.3,115,,,,,,,,,,,,
2020.6.4,115,,,,,,,,,,,,
2020.6.5,115,,,,,,,,,,,,
2020.6.6,115,,,,,,,,,,,,
2020.6.7,115,,,,,,,,,,,,
2020.6.8,115,,,,,,,,,,,,
2020.6.9,115,,,,,,,,,,,,
2020.6.10,115,,,,,,,,,,,,
2020.6.11,115,1.2,,,,,,,,,,,
2020.6.12,115,,,,,,,,,,,,
2020.6.13,115,,,,,,,,,,,,
2020.6.14,115,1,,,,,,,,,,,
2020.6.15,115,,,,,,,,,,,,
2020.6.16,115,,,,,,,,,,,,
2020.6.17,115,,,,,,,,,,,,
2020.6.18,115,,,,,,,,,,,,
2020.6.19,115,,,,,,,,,,,,
2020.6.20,115,0,,,,,,,,,,,
2020.6.21,115,,,,,,,,,,,,
2020.6.22,115,,,,,,,,,,,,
2020.6.23,115,,,,,,,,,,,,
2020.6.24,115,3.5,,,,,,,,,,,
2020.6.25,115,32.2,,,,,,,,,,,
2020.6.26,115,,,,,,,,,,,,
2020.6.27,115,,,,,,,,,,,,
2020.6.28,115,1.3,,,,,,,,,,,
2020.6.29,115,0,,,,,,,,,,,
2020.6.30,115,61.7,,,,,,,,,,,
2020.7.1,115,51.7,,,,,,,,,,,
2020.7.2,115,,,,,,,,,,,,
2020.7.3,115,0,,,,,,,,,,,
2020.7.4,115,3.2,,,,,,,,,,,
2020.7.5,115,,,,,,,,,,,,
2020.7.6,115,,,,,,,,,,,,
2020.7.7,115,0.5,,,,,,,,,,,
2020.7.8,115,0,,,,,,,,,,,
2020.7.9,115,,,,,,,,,,,,
2020.7.10,115,83,,,,,,,,,,,
2020.7.11,115,4,,,,,,,,,,,
2020.7.12,115,0,,,,,,,,,,,
2020.7.13,115,37.8,,,,,,,,,,,
2020.7.14,115,40,,,,,,,,,,,
2020.7.15,115,0.1,,,,,,,,,,,
2020.7.16,115,,,,,,,,,,,,
2020.7.17,115,,,,,,,,,,,,
2020.7.18,115,,,,,,,,,,,,
2020.7.19,115,,,,,,,,,,,,
2020.7.20,115,0.3,,,,,,,,,,,
2020.7.21,115,,,,,,,,,,,,
2020.7.22,115,,,,,,,,,,,,
2020.7.23,115,1.3,,,,,,,,,,,
2020.7.24,115,53.1,,,,,,,,,,,
2020.7.25,115,13.6,,,,,,,,,,,
2020.7.26,115,,,,,,,,,,,,
2020.7.27,115,2.2,,,,,,,,,,,
2020.7.28,115,3.5,,,,,,,,,,,
2020.7.29,115,13.3,,,,,,,,,,,
2020.7.30,115,0.6,,,,,,,,,,,
2020.7.31,115,,,,,,,,,,,,
2020.8.1,115,0,,,,,,,,,,,
2020.8.2,115,1.2,,,,,,,,,,,
2020.8.3,115,,,,,,,,,,,,
2020.8.4,115,1,,,,,,,,,,,
2020.8.5,115,0.2,,,,,,,,,,,
2020.8.6,115,30.5,,,,,,,,,,,
2020.8.7,115,4.1,,,,,,,,,,,
2020.8.8,115,0.3,,,,,,,,,,,
2020.8.9,115,1.7,,,,,,,,,,,
2020.8.10,115,0.6,,,,,,,,,,,
2020.8.11,115,5,,,,,,,,,,,
2020.8.12,115,,,,,,,,,,,,
2020.8.13,115,,,,,,,,,,,,
2020.8.14,115,,,,,,,,,,,,
2020.8.15,115,,,,,,,,,,,,
2020.8.16,115,,,,,,,,,,,,
2020.8.17,115,,,,,,,,,,,,
2020.8.18,115,,,,,,,,,,,,
2020.8.19,115,,,,,,,,,,,,
2020.8.20,115,,,,,,,,,,,,
2020.8.21,115,4,,,,,,,,,,,
2020.8.22,115,,,,,,,,,,,,
2020.8.23,115,4.7,,,,,,,,,,,
2020.8.24,115,,,,,,,,,,,,
2020.8.25,115,,,,,,,,,,,,
2020.8.26,115,,,,,,,,,,,,
2020.8.27,115,,,,,,,,,,,,
2020.8.28,115,,,,,,,,,,,,
2020.8.29,115,,,,,,,,,,,,
2020.8.30,115,9.7,,,,,,,,,,,
2020.8.31,115,5.4,,,,,,,,,,,
2020.9.1,115,,,,,,,,,,,,
2020.9.2,115,0.8,,,,,,,,,,,
2020.9.3,115,1.8,,,,,,,,,,,
2020.9.4,115,,,,,,,,,,,,
2020.9.5,115,1.4,,,,,,,,,,,
2020.9.6,115,7.7,,,,,,,,,,,
2020.9.7,115,0.5,,,,,,,,,,,
2020.9.8,115,,,,,,,,,,,,
2020.9.9,115,,,,,,,,,,,,
2020.9.10,115,0,,,,,,,,,,,
2020.9.11,115,3.6,,,,,,,,,,,
2020.9.12,115,47.3,,,,,,,,,,,
2020.9.13,115,22.4,,,,,,,,,,,
2020.9.14,115,,,,,,,,,,,,
2020.9.15,115,,,,,,,,,,,,
2020.9.16,115,0.7,,,,,,,,,,,
2020.9.17,115,0,,,,,,,,,,,
2020.9.18,115,0,,,,,,,,,,,
2020.9.19,115,,,,,,,,,,,,
2020.9.20,115,,,,,,,,,,,,
2020.9.21,115,,,,,,,,,,,,
2020.9.22,115,,,,,,,,,,,,
2020.9.23,115,,,,,,,,,,,,
2020.9.24,115,1.1,,,,,,,,,,,
2020.9.25,115,4,,,,,,,,,,,
2020.9.26,115,7.9,,,,,,,,,,,
2020.9.27,115,0.8,,,,,,,,,,,
2020.9.28,115,,,,,,,,,,,,
2020.9.29,115,,,,,,,,,,,,
2020.9.30,115,10.8,,,,,,,,,,,
2020.10.1,115,1.3,,,,,,,,,,,
2020.10.2,115,,,,,,,,,,,,
2020.10.3,115,1.7,,,,,,,,,,,
2020.10.4,115,0,,,,,,,,,,,
2020.10.5,115,,,,,,,,,,,,
2020.10.6,115,,,,,,,,,,,,
2020.10.7,115,,,,,,,,,,,,
2020.10.8,115,,,,,,,,,,,,
2020.10.9,115,,,,,,,,,,,,
2020.10.10,115,,,,,,,,,,,,
2020.10.11,115,0,,,,,,,,,,,
2020.10.12,115,,,,,,,,,,,,
2020.10.13,115,19.1,,,,,,,,,,,
2020.10.14,115,6,,,,,,,,,,,
2020.10.15,115,44.8,,,,,,,,,,,
2020.10.16,115,8.2,,,,,,,,,,,
2020.10.17,115,,,,,,,,,,,,
2020.10.18,115,,,,,,,,,,,,
2020.10.19,115,,,,,,,,,,,,
2020.10.20,115,,,,,,,,,,,,
2020.10.21,115,0.5,,,,,,,,,,,
2020.10.22,115,0.7,,,,,,,,,,,
2020.10.23,115,0.2,,,,,,,,,,,
2020.10.24,115,,,,,,,,,,,,
2020.10.25,115,,,,,,,,,,,,
2020.10.26,115,,,,,,,,,,,,
2020.10.27,115,,,,,,,,,,,,
2020.10.28,115,,,,,,,,,,,,
2020.10.29,115,0,,,,,,,,,,,
2020.10.30,115,,,,,,,,,,,,
2020.10.31,115,,,,,,,,,,,,
2020.11.1,115,3.7,,,,,,,,,,,
2020.11.2,115,,,,,,,,,,,,
2020.11.3,115,0.1,,,,,,,,,,,
2020.11.4,115,,,,,,,,,,,,
2020.11.5,115,,,,,,,,,,,,
2020.11.6,115,,,,,,,,,,,,
2020.11.7,115,,,,,,,,,,,,
2020.11.8,115,,,,,,,,,,,,
2020.11.9,115,,,,,,,,,,,,
2020.11.10,115,0,,,,,,,,,,,
2020.11.11,115,,,,,,,,,,,,
2020.11.12,115,,,,,,,,,,,,
2020.11.13,115,,,,,,,,,,,,
2020.11.14,115,,,,,,,,,,,,
2020.11.15,115,,,,,,,,,,,,
2020.11.16,115,,,,,,,,,,,,
2020.11.17,115,0,,,,,,,,,,,
2020.11.18,115,0.6,,,,,,,,,,,
2020.11.19,115,19.1,,,,,,,,,,,
2020.11.20,115,6,,,,,,,,,,,
2020.11.21,115,0,,,,,,,,,,,
2020.11.22,115,21.1,,,,,,,,,,,
2020.11.23,115,9,,,,,,,,,,,
2020.11.24,115,,,,,,,,,,,,
2020.11.25,115,,,,,,,,,,,,
2020.11.26,115,0.6,,,,,,,,,,,
2020.11.27,115,35.2,,,,,,,,,,,
2020.11.28,115,19.5,,,,,,,,,,,
2020.11.29,115,3.9,,,,,,,,,,,
2020.11.30,115,,,,,,,,,,,,
2020.12.1,115,0,,,,,,,,,,,
2020.12.2,115,0,,,,,,,,,,,
2020.12.3,115,,,,,,,,,,,,
2020.12.4,115,2.9,,,,,,,,,,,
2020.12.5,115,,,,,,,,,,,,
2020.12.6,115,,,,,,,,,,,,
2020.12.7,115,,,,,,,,,,,,
2020.12.8,115,2.5,,,,,,,,,,,
2020.12.9,115,,,,,,,,,,,,
2020.12.10,115,,,,,,,,,,,,
2020.12.11,115,,,,,,,,,,,,
2020.12.12,115,0,,,,,,,,,,,
2020.12.13,115,9,,,,,,,,,,,
2020.12.14,115,35.1,,,,,,,,,,,
2020.12.15,115,7.8,,,,,,,,,,,
2020.12.16,115,3.5,,,,,,,,,,,
2020.12.17,115,1.9,,,,,,,,,,,
2020.12.18,115,0.4,,,,,,,,,,,
2020.12.19,115,0.1,,,,,,,,,,,
2020.12.20,115,3,,,,,,,,,,,
2020.12.21,115,0,,,,,,,,,,,
2020.12.22,115,,,,,,,,,,,,
2020.12.23,115,,,,,,,,,,,,
2020.12.24,115,0.2,,,,,,,,,,,
2020.12.25,115,0.4,,,,,,,,,,,
2020.12.26,115,,,,,,,,,,,,
2020.12.27,115,,,,,,,,,,,,
2020.12.28,115,,,,,,,,,,,,
2020.12.29,115,3.8,,,,,,,,,,,
2020.12.30,115,33.4,,,,,,,,,,,
2020.12.31,115,5.2,,,,,,,,,,,
2021.1.1,115,0,,,,,,,,,,,
2021.1.2,115,10.1,,,,,,,,,,,
2021.1.3,115,0.1,,,,,,,,,,,
2021.1.4,115,,,,,,,,,,,,
2021.1.5,115,1,,,,,,,,,,,
2021.1.6,115,4.9,,,,,,,,,,,
2021.1.7,115,10.2,,,,,,,,,,,
2021.1.8,115,3.9,,,,,,,,,,,
2021.1.9,115,14.1,,,,,,,,,,,
2021.1.10,115,3.7,,,,,,,,,,,
2021.1.11,115,1.1,,,,,,,,,,,
2021.1.12,115,0,,,,,,,,,,,
2021.1.13,115,0.1,,,,,,,,,,,
2021.1.14,115,,,,,,,,,,,,
2021.1.15,115,0.3,,,,,,,,,,,
2021.1.16,115,36,,,,,,,,,,,
2021.1.17,115,3.7,,,,,,,,,,,
2021.1.18,115,4.4,,,,,,,,,,,
2021.1.19,115,0.7,,,,,,,,,,,
2021.1.20,115,,,,,,,,,,,,
2021.1.21,115,0,,,,,,,,,,,
2021.1.22,115,0,,,,,,,,,,,
2021.1.23,115,0,,,,,,,,,,,
2021.1.24,115,,,,,,,,,,,,
2021.1.25,115,,,,,,,,,,,,
2021.1.26,115,6.9,,,,,,,,,,,
2021.1.27,115,,,,,,,,,,,,
2021.1.28,115,0.3,,,,,,,,,,,
2021.1.29,115,4.4,,,,,,,,,,,
2021.1.30,115,0,,,,,,,,,,,
2021.1.31,115,,,,,,,,,,,,
2021.2.1,115,11,,,,,,,,,,,
2021.2.2,115,0,,,,,,,,,,,
2021.2.3,115,0,,,,,,,,,,,
2021.2.4,115,0.3,,,,,,,,,,,
2021.2.5,115,,,,,,,,,,,,
2021.2.6,115,,,,,,,,,,,,
2021.2.7,115,14.9,,,,,,,,,,,
2021.2.8,115,26.6,,,,,,,,,,,
2021.2.9,115,0.8,,,,,,,,,,,
2021.2.10,115,,,,,,,,,,,,
2021.2.11,115,,,,,,,,,,,,
2021.2.12,115,,,,,,,,,,,,
2021.2.13,115,,,,,,,,,,,,
2021.2.14,115,0,,,,,,,,,,,
2021.2.15,115,1.4,,,,,,,,,,,
2021.2.16,115,0.3,,,,,,,,,,,
2021.2.17,115,5.2,,,,,,,,,,,
2021.2.18,115,7.5,,,,,,,,,,,
2021.2.19,115,,,,,,,,,,,,
2021.2.20,115,,,,,,,,,,,,
2021.2.21,115,,,,,,,,,,,,
2021.2.22,115,,,,,,,,,,,,
2021.2.23,115,6.6,,,,,,,,,,,
2021.2.24,115,,,,,,,,,,,,
2021.2.25,115,,,,,,,,,,,,
2021.2.26,115,,,,,,,,,,,,
2021.2.27,115,,,,,,,,,,,,
2021.2.28,115,0,,,,,,,,,,,
2021.3.1,115,28.9,,,,,,,,,,,
2021.3.2,115,9.3,,,,,,,,,,,
2021.3.3,115,,,,,,,,,,,,
2021.3.4,115,,,,,,,,,,,,
2021.3.5,115,0,,,,,,,,,,,
2021.3.6,115,,,,,,,,,,,,
2021.3.7,115,,,,,,,,,,,,
2021.3.8,115,,,,,,,,,,,,
2021.3.9,115,,,,,,,,,,,,
2021.3.10,115,,,,,,,,,,,,
2021.3.11,115,,,,,,,,,,,,
2021.3.12,115,0,,,,,,,,,,,
2021.3.13,115,,,,,,,,,,,,
2021.3.14,115,,,,,,,,,,,,
2021.3.15,115,,,,,,,,,,,,
2021.3.16,115,,,,,,,,,,,,
2021.3.17,115,,,,,,,,,,,,
2021.3.18,115,,,,,,,,,,,,
2021.3.19,115,,,,,,,,,,,,
2021.3.20,115,4.7,,,,,,,,,,,
2021.3.21,115,0,,,,,,,,,,,
2021.3.22,115,0.9,,,,,,,,,,,
2021.3.23,115,,,,,,,,,,,,
2021.3.24,115,,,,,,,,,,,,
2021.3.25,115,,,,,,,,,,,,
2021.3.26,115,,,,,,,,,,,,
2021.3.27,115,2.4,,,,,,,,,,,
2021.3.28,115,13.1,,,,,,,,,,,
2021.3.29,115,,,,,,,,,,,,
2021.3.30,115,,,,,,,,,,,,
2021.3.31,115,,,,,,,,,,,,
2021.4.1,115,,,,,,,,,,,,
2021.4.2,115,,,,,,,,,,,,
2021.4.3,115,33.7,,,,,,,,,,,
2021.4.4,115,28,,,,,,,,,,,
2021.4.5,115,,,,,,,,,,,,
2021.4.6,115,,,,,,,,,,,,
2021.4.7,115,,,,,,,,,,,,
2021.4.8,115,0,,,,,,,,,,,
2021.4.9,115,3,,,,,,,,,,,
2021.4.10,115,,,,,,,,,,,,
2021.4.11,115,,,,,,,,,,,,
2021.4.12,115,18.3,,,,,,,,,,,
2021.4.13,115,12.7,,,,,,,,,,,
2021.4.14,115,8.5,,,,,,,,,,,
2021.4.15,115,,,,,,,,,,,,
2021.4.16,115,0,,,,,,,,,,,
2021.4.17,115,4.5,,,,,,,,,,,
2021.4.18,115,8.5,,,,,,,,,,,
2021.4.19,115,,,,,,,,,,,,
2021.4.20,115,,,,,,,,,,,,
2021.4.21,115,,,,,,,,,,,,
2021.4.22,115,,,,,,,,,,,,
2021.4.23,115,,,,,,,,,,,,
2021.4.24,115,,,,,,,,,,,,
2021.4.25,115,0.1,,,,,,,,,,,
2021.4.26,115,,,,,,,,,,,,
2021.4.27,115,,,,,,,,,,,,
2021.4.28,115,,,,,,,,,,,,
2021.4.29,115,8.3,,,,,,,,,,,
2021.4.30,115,18.3,,,,,,,,,,,
2021.5.1,115,20.6,,,,,,,,,,,
2021.5.2,115,4.6,,,,,,,,,,,
2021.5.3,115,,,,,,,,,,,,
2021.5.4,115,3.4,,,,,,,,,,,
2021.5.5,115,0.7,,,,,,,,,,,
2021.5.6,115,,,,,,,,,,,,
2021.5.7,115,,,,,,,,,,,,
2021.5.8,115,,,,,,,,,,,,
2021.5.9,115,,,,,,,,,,,,
2021.5.10,115,,,,,,,,,,,,
2021.5.11,115,,,,,,,,,,,,
2021.5.12,115,,,,,,,,,,,,
2021.5.13,115,,,,,,,,,,,,
2021.5.14,115,,,,,,,,,,,,
2021.5.15,115,8.4,,,,,,,,,,,
2021.5.16,115,16.8,,,,,,,,,,,
2021.5.17,115,6.3,,,,,,,,,,,
2021.5.18,115,,,,,,,,,,,,
2021.5.19,115,,,,,,,,,,,,
2021.5.20,115,6.4,,,,,,,,,,,
2021.5.21,115,8.7,,,,,,,,,,,
2021.5.22,115,3.8,,,,,,,,,,,
2021.5.23,115,,,,,,,,,,,,
2021.5.24,115,0,,,,,,,,,,,
2021.5.25,115,1.8,,,,,,,,,,,
2021.5.26,115,,,,,,,,,,,,
2021.5.27,115,1.2,,,,,,,,,,,
2021.5.28,115,5.7,,,,,,,,,,,
2021.5.29,115,1.8,,,,,,,,,,,
2021.5.30,115,,,,,,,,,,,,
2021.5.31,115,2,,,,,,,,,,,
2021.6.1,115,0,,,,,,,,,,,
2021.6.2,115,,,,,,,,,,,,
2021.6.3,115,61.9,,,,,,,,,,,
2021.6.4,115,1.9,,,,,,,,,,,
2021.6.5,115,,,,,,,,,,,,
2021.6.6,115,,,,,,,,,,,,
2021.6.7,115,,,,,,,,,,,,
2021.6.8,115,,,,,,,,,,,,
2021.6.9,115,,,,,,,,,,,,
2021.6.10,115,,,,,,,,,,,,
2021.6.11,115,3.5,,,,,,,,,,,
2021.6.12,115,1.3,,,,,,,,,,,
2021.6.13,115,5,,,,,,,,,,,
2021.6.14,115,0.1,,,,,,,,,,,
2021.6.15,115,8.5,,,,,,,,,,,
2021.6.16,115,0.1,,,,,,,,,,,
2021.6.17,115,,,,,,,,,,,,
2021.6.18,115,0,,,,,,,,,,,
2021.6.19,115,,,,,,,,,,,,
2021.6.20,115,,,,,,,,,,,,
2021.6.21,115,,,,,,,,,,,,
2021.6.22,115,,,,,,,,,,,,
2021.6.23,115,,,,,,,,,,,,
2021.6.24,115,,,,,,,,,,,,
2021.6.25,115,,,,,,,,,,,,
2021.6.26,115,,,,,,,,,,,,
2021.6.27,115,0,,,,,,,,,,,
2021.6.28,115,,,,,,,,,,,,
2021.6.29,115,,,,,,,,,,,,
2021.6.30,115,0,,,,,,,,,,,
2021.7.1,115,,,,,,,,,,,,
2021.7.2,115,,,,,,,,,,,,
2021.7.3,115,14.8,,,,,,,,,,,
2021.7.4,115,44,,,,,,,,,,,
2021.7.5,115,,,,,,,,,,,,
2021.7.6,115,2.5,,,,,,,,,,,
2021.7.7,115,3.4,,,,,,,,,,,
2021.7.8,115,9.9,,,,,,,,,,,
2021.7.9,115,2,,,,,,,,,,,
2021.7.10,115,,,,,,,,,,,,
2021.7.11,115,,,,,,,,,,,,
2021.7.12,115,,,,,,,,,,,,
2021.7.13,115,,,,,,,,,,,,
2021.7.14,115,,,,,,,,,,,,
2021.7.15,115,,,,,,,,,,,,
2021.7.16,115,,,,,,,,,,,,
2021.7.17,115,,,,,,,,,,,,
2021.7.18,115,,,,,,,,,,,,
2021.7.19,115,,,,,,,,,,,,
2021.7.20,115,,,,,,,,,,,,
2021.7.21,115,,,,,,,,,,,,
2021.7.22,115,,,,,,,,,,,,
2021.7.23,115,,,,,,,,,,,,
2021.7.24,115,,,,,,,,,,,,
2021.7.25,115,,,,,,,,,,,,
2021.7.26,115,,,,,,,,,,,,
2021.7.27,115,,,,,,,,,,,,
2021.7.28,115,2.2,,,,,,,,,,,
2021.7.29,115,10.2,,,,,,,,,,,
2021.7.30,115,,,,,,,,,,,,
2021.7.31,115,,,,,,,,,,,,
2021.8.1,115,,,,,,,,,,,,
2021.8.2,115,0.9,,,,,,,,,,,
2021.8.3,115,,,,,,,,,,,,
2021.8.4,115,,,,,,,,,,,,
2021.8.5,115,,,,,,,,,,,,
2021.8.6,115,,,,,,,,,,,,
2021.8.7,115,2.1,,,,,,,,,,,
2021.8.8,115,44.6,,,,,,,,,,,
2021.8.9,115,72.7,,,,,,,,,,,
2021.8.10,115,2.3,,,,,,,,,,,
2021.8.11,115,6.5,,,,,,,,,,,
2021.8.12,115,1.4,,,,,,,,,,,
2021.8.13,115,3.6,,,,,,,,,,,
2021.8.14,115,0.3,,,,,,,,,,,
2021.8.15,115,6.9,,,,,,,,,,,
2021.8.16,115,0.7,,,,,,,,,,,
2021.8.17,115,7.6,,,,,,,,,,,
2021.8.18,115,2.7,,,,,,,,,,,
2021.8.19,115,39.3,,,,,,,,,,,
2021.8.20,115,0.9,,,,,,,,,,,
2021.8.21,115,6.7,,,,,,,,,,,
2021.8.22,115,,,,,,,,,,,,
2021.8.23,115,6.9,,,,,,,,,,,
2021.8.24,115,92.7,,,,,,,,,,,
2021.8.25,115,4.3,,,,,,,,,,,
2021.8.26,115,,,,,,,,,,,,
2021.8.27,115,1.3,,,,,,,,,,,
2021.8.28,115,,,,,,,,,,,,
2021.8.29,115,2.5,,,,,,,,,,,
2021.8.30,115,,,,,,,,,,,,
2021.8.31,115,5.3,,,,,,,,,,,
2021.9.1,115,80.6,,,,,,,,,,,
2021.9.2,115,,,,,,,,,,,,
2021.9.3,115,19.6,,,,,,,,,,,
2021.9.4,115,0,,,,,,,,,,,
2021.9.5,115,14.1,,,,,,,,,,,
2021.9.6,115,0,,,,,,,,,,,
2021.9.7,115,11.3,,,,,,,,,,,
2021.9.8,115,1.3,,,,,,,,,,,
2021.9.9,115,,,,,,,,,,,,
2021.9.10,115,,,,,,,,,,,,
2021.9.11,115,,,,,,,,,,,,
2021.9.12,115,,,,,,,,,,,,
2021.9.13,115,,,,,,,,,,,,
2021.9.14,115,,,,,,,,,,,,
2021.9.15,115,,,,,,,,,,,,
2021.9.16,115,,,,,,,,,,,,
2021.9.17,115,37,,,,,,,,,,,
2021.9.18,115,0,,,,,,,,,,,
2021.9.19,115,,,,,,,,,,,,
2021.9.20,115,,,,,,,,,,,,
2021.9.21,115,1.5,,,,,,,,,,,
2021.9.22,115,,,,,,,,,,,,
2021.9.23,115,,,,,,,,,,,,
2021.9.24,115,1.4,,,,,,,,,,,
2021.9.25,115,0,,,,,,,,,,,
2021.9.26,115,,,,,,,,,,,,
2021.9.27,115,0,,,,,,,,,,,
2021.9.28,115,,,,,,,,,,,,
2021.9.29,115,5,,,,,,,,,,,
2021.9.30,115,7.4,,,,,,,,,,,
2021.10.1,115,,,,,,,,,,,,
2021.10.2,115,0.5,,,,,,,,,,,
2021.10.3,115,,,,,,,,,,,,
2021.10.4,115,0,,,,,,,,,,,
2021.10.5,115,0,,,,,,,,,,,
2021.10.6,115,26.4,,,,,,,,,,,
2021.10.7,115,1.6,,,,,,,,,,,
2021.10.8,115,10.9,,,,,,,,,,,
2021.10.9,115,0.1,,,,,,,,,,,
2021.10.10,115,,,,,,,,,,,,
2021.10.11,115,21.3,,,,,,,,,,,
2021.10.12,115,1.5,,,,,,,,,,,
2021.10.13,115,0,,,,,,,,,,,
2021.10.14,115,,,,,,,,,,,,
2021.10.15,115,14.2,,,,,,,,,,,
2021.10.16,115,28.3,,,,,,,,,,,
2021.10.17,115,29.2,,,,,,,,,,,
2021.10.18,115,,,,,,,,,,,,
2021.10.19,115,13.2,,,,,,,,,,,
2021.10.20,115,0,,,,,,,,,,,
2021.10.21,115,1.5,,,,,,,,,,,
2021.10.22,115,43.1,,,,,,,,,,,
2021.10.23,115,,,,,,,,,,,,
2021.10.24,115,0,,,,,,,,,,,
2021.10.25,115,,,,,,,,,,,,
2021.10.26,115,,,,,,,,,,,,
2021.10.27,115,,,,,,,,,,,,
2021.10.28,115,,,,,,,,,,,,
2021.10.29,115,,,,,,,,,,,,
2021.10.30,115,,,,,,,,,,,,
2021.10.31,115,,,,,,,,,,,,
2021.11.1,115,,,,,,,,,,,,
2021.11.2,115,2.2,,,,,,,,,,,
2021.11.3,115,,,,,,,,,,,,
2021.11.4,115,2.5,,,,,,,,,,,
2021.11.5,115,,,,,,,,,,,,
2021.11.6,115,,,,,,,,,,,,
2021.11.7,115,,,,,,,,,,,,
2021.11.8,115,4.3,,,,,,,,,,,
2021.11.9,115,5,,,,,,,,,,,
2021.11.10,115,4,,,,,,,,,,,
2021.11.11,115,0,,,,,,,,,,,
2021.11.12,115,0,,,,,,,,,,,
2021.11.13,115,,,,,,,,,,,,
2021.11.14,115,,,,,,,,,,,,
2021.11.15,115,,,,,,,,,,,,
2021.11.16,115,,,,,,,,,,,,
2021.11.17,115,,,,,,,,,,,,
2021.11.18,115,,,,,,,,,,,,
2021.11.19,115,0,,,,,,,,,,,
2021.11.20,115,9.8,,,,,,,,,,,
2021.11.21,115,0.5,,,,,,,,,,,
2021.11.22,115,1.5,,,,,,,,,,,
2021.11.23,115,,,,,,,,,,,,
2021.11.24,115,0.2,,,,,,,,,,,
2021.11.25,115,0,,,,,,,,,,,
2021.11.26,115,0,,,,,,,,,,,
2021.11.27,115,0,,,,,,,,,,,
2021.11.28,115,,,,,,,,,,,,
2021.11.29,115,,,,,,,,,,,,
2021.11.30,115,8.3,,,,,,,,,,,
2021.12.1,115,3.4,,,,,,,,,,,
2021.12.2,115,0,,,,,,,,,,,
2021.12.3,115,0,,,,,,,,,,,
2021.12.4,115,1.5,,,,,,,,,,,
2021.12.5,115,0,,,,,,,,,,,
2021.12.6,115,0.8,,,,,,,,,,,
2021.12.7,115,0.6,,,,,,,,,,,
2021.12.8,115,,,,,,,,,,,,
2021.12.9,115,,,,,,,,,,,,
2021.12.10,115,0.7,,,,,,,,,,,
2021.12.11,115,0,,,,,,,,,,,
2021.12.12,115,0,,,,,,,,,,,
2021.12.13,115,0,,,,,,,,,,,
2021.12.14,115,,,,,,,,,,,,
2021.12.15,115,1.4,,,,,,,,,,,
2021.12.16,115,,,,,,,,,,,,
2021.12.17,115,14.4,,,,,,,,,,,
2021.12.18,115,7.9,,,,,,,,,,,
2021.12.19,115,0.8,,,,,,,,,,,
2021.12.20,115,,,,,,,,,,,,
2021.12.21,115,,,,,,,,,,,,
2021.12.22,115,9.5,,,,,,,,,,,
2021.12.23,115,5,,,,,,,,,,,
2021.12.24,115,28.3,,,,,,,,,,,
2021.12.25,115,21.5,,,,,,,,,,,
2021.12.26,115,29,,,,,,,,,,,
2021.12.27,115,4,,,,,,,,,,,
2021.12.28,115,0.3,,,,,,,,,,,
2021.12.29,115,0.3,,,,,,,,,,,
2021.12.30,115,21.1,,,,,,,,,,,
2021.12.31,115,13.8,,,,,,,,,,,
2022.1.1,115,0.1,,,,,,,,,,,
2022.1.2,115,0,,,,,,,,,,,
2022.1.3,115,,,,,,,,,,,,
2022.1.4,115,1.1,,,,,,,,,,,
2022.1.5,115,1.7,,,,,,,,,,,
2022.1.6,115,5,,,,,,,,,,,
2022.1.7,115,,,,,,,,,,,,
2022.1.8,115,,,,,,,,,,,,
2022.1.9,115,2.2,,,,,,,,,,,
2022.1.10,115,2.7,,,,,,,,,,,
2022.1.11,115,9.8,,,,,,,,,,,
2022.1.12,115,4.2,,,,,,,,,,,
2022.1.13,115,2.4,,,,,,,,,,,
2022.1.14,115,1.8,,,,,,,,,,,
2022.1.15,115,,,,,,,,,,,,
2022.1.16,115,0,,,,,,,,,,,
2022.1.17,115,0.7,,,,,,,,,,,
2022.1.18,115,2.6,,,,,,,,,,,
2022.1.19,115,7.6,,,,,,,,,,,
2022.1.20,115,0.5,,,,,,,,,,,
2022.1.21,115,0.2,,,,,,,,,,,
2022.1.22,115,,,,,,,,,,,,
2022.1.23,115,0.7,,,,,,,,,,,
2022.1.24,115,,,,,,,,,,,,
2022.1.25,115,3.5,,,,,,,,,,,
2022.1.26,115,0.3,,,,,,,,,,,
2022.1.27,115,0.3,,,,,,,,,,,
2022.1.28,115,5,,,,,,,,,,,
2022.1.29,115,,,,,,,,,,,,
2022.1.30,115,0.6,,,,,,,,,,,
2022.1.31,115,0.4,,,,,,,,,,,
2022.2.1,115,5.8,,,,,,,,,,,
2022.2.2,115,,,,,,,,,,,,
2022.2.3,115,0.1,,,,,,,,,,,
2022.2.4,115,0,,,,,,,,,,,
2022.2.5,115,2,,,,,,,,,,,
2022.2.6,115,1.4,,,,,,,,,,,
2022.2.7,115,0.8,,,,,,,,,,,
2022.2.8,115,,,,,,,,,,,,
2022.2.9,115,1.1,,,,,,,,,,,
2022.2.10,115,3.4,,,,,,,,,,,
2022.2.11,115,0.1,,,,,,,,,,,
2022.2.12,115,,,,,,,,,,,,
2022.2.13,115,0.9,,,,,,,,,,,
2022.2.14,115,13.9,,,,,,,,,,,
2022.2.15,115,0,,,,,,,,,,,
2022.2.16,115,1.3,,,,,,,,,,,
2022.2.17,115,6.2,,,,,,,,,,,
2022.2.18,115,0,,,,,,,,,,,
2022.2.19,115,,,,,,,,,,,,
2022.2.20,115,9.5,,,,,,,,,,,
2022.2.21,115,0.1,,,,,,,,,,,
2022.2.22,115,5.7,,,,,,,,,,,
2022.2.23,115,5.4,,,,,,,,,,,
2022.2.24,115,0.1,,,,,,,,,,,
2022.2.25,115,,,,,,,,,,,,
2022.2.26,115,,,,,,,,,,,,
2022.2.27,115,1.2,,,,,,,,,,,
2022.2.28,115,,,,,,,,,,,,
2022.3.1,115,1.6,,,,,,,,,,,
2022.3.2,115,0,,,,,,,,,,,
2022.3.3,115,,,,,,,,,,,,
2022.3.4,115,,,,,,,,,,,,
2022.3.5,115,0,,,,,,,,,,,
2022.3.6,115,0,,,,,,,,,,,
2022.3.7,115,,,,,,,,,,,,
2022.3.8,115,0.7,,,,,,,,,,,
2022.3.9,115,,,,,,,,,,,,
2022.3.10,115,,,,,,,,,,,,
2022.3.11,115,,,,,,,,,,,,
2022.3.12,115,,,,,,,,,,,,
2022.3.13,115,28.9,,,,,,,,,,,
2022.3.14,115,0,,,,,,,,,,,
2022.3.15,115,,,,,,,,,,,,
2022.3.16,115,,,,,,,,,,,,
2022.3.17,115,,,,,,,,,,,,
2022.3.18,115,2.4,,,,,,,,,,,
2022.3.19,115,0.9,,,,,,,,,,,
2022.3.20,115,2,,,,,,,,,,,
2022.3.21,115,0.2,,,,,,,,,,,
2022.3.22,115,2.2,,,,,,,,,,,
2022.3.23,115,0.7,,,,,,,,,,,
2022.3.24,115,,,,,,,,,,,,
2022.3.25,115,,,,,,,,,,,,
2022.3.26,115,10.5,,,,,,,,,,,
2022.3.27,115,,,,,,,,,,,,
2022.3.28,115,,,,,,,,,,,,
2022.3.29,115,,,,,,,,,,,,
2022.3.30,115,0,,,,,,,,,,,
2022.3.31,115,1,,,,,,,,,,,
2022.4.1,115,,,,,,,,,,,,
2022.4.2,115,,,,,,,,,,,,
2022.4.3,115,,,,,,,,,,,,
2022.4.4,115,,,,,,,,,,,,
2022.4.5,115,,,,,,,,,,,,
2022.4.6,115,,,,,,,,,,,,
2022.4.7,115,1.2,,,,,,,,,,,
2022.4.8,115,,,,,,,,,,,,
2022.4.9,115,,,,,,,,,,,,
2022.4.10,115,,,,,,,,,,,,
2022.4.11,115,,,,,,,,,,,,
2022.4.12,115,,,,,,,,,,,,
2022.4.13,115,3.9,,,,,,,,,,,
2022.4.14,115,0.2,,,,,,,,,,,
2022.4.15,115,,,,,,,,,,,,
2022.4.16,115,,,,,,,,,,,,
2022.4.17,115,,,,,,,,,,,,
2022.4.18,115,,,,,,,,,,,,
2022.4.19,115,,,,,,,,,,,,
2022.4.20,115,,,,,,,,,,,,
2022.4.21,115,,,,,,,,,,,,
2022.4.22,115,,,,,,,,,,,,
2022.4.23,115,,,,,,,,,,,,
2022.4.24,115,,,,,,,,,,,,
2022.4.25,115,,,,,,,,,,,,
2022.4.26,115,17.8,,,,,,,,,,,
2022.4.27,115,,,,,,,,,,,,
2022.4.28,115,,,,,,,,,,,,
2022.4.29,115,16.4,,,,,,,,,,,
2022.4.30,115,,,,,,,,,,,,
2022.5.1,115,2.4,,,,,,,,,,,
2022.5.2,115,0,,,,,,,,,,,
2022.5.3,115,,,,,,,,,,,,
2022.5.4,115,,,,,,,,,,,,
2022.5.5,115,,,,,,,,,,,,
2022.5.6,115,,,,,,,,,,,,
2022.5.7,115,,,,,,,,,,,,
2022.5.8,115,,,,,,,,,,,,
2022.5.9,115,,,,,,,,,,,,
2022.5.10,115,,,,,,,,,,,,
2022.5.11,115,,,,,,,,,,,,
2022.5.12,115,,,,,,,,,,,,
2022.5.13,115,0.9,,,,,,,,,,,
2022.5.14,115,0,,,,,,,,,,,
2022.5.15,115,,,,,,,,,,,,
2022.5.16,115,,,,,,,,,,,,
2022.5.17,115,,,,,,,,,,,,
2022.5.18,115,,,,,,,,,,,,
2022.5.19,115,,,,,,,,,,,,
2022.5.20,115,,,,,,,,,,,,
2022.5.21,115,,,,,,,,,,,,
2022.5.22,115,0,,,,,,,,,,,
2022.5.23,115,,,,,,,,,,,,
2022.5.24,115,,,,,,,,,,,,
2022.5.25,115,,,,,,,,,,,,
2022.5.26,115,1.7,,,,,,,,,,,
2022.5.27,115,,,,,,,,,,,,
2022.5.28,115,,,,,,,,,,,,
2022.5.29,115,,,,,,,,,,,,
2022.5.30,115,,,,,,,,,,,,
2022.5.31,115,,,,,,,,,,,,
2022.6.1,115,,,,,,,,,,,,
2022.6.2,115,,,,,,,,,,,,
2022.6.3,115,,,,,,,,,,,,
2022.6.4,115,,,,,,,,,,,,
2022.6.5,115,0.3,,,,,,,,,,,
2022.6.6,115,65.2,,,,,,,,,,,
2022.6.7,115,1.8,,,,,,,,,,,
2022.6.8,115,0,,,,,,,,,,,
2022.6.9,115,,,,,,,,,,,,
2022.6.10,115,,,,,,,,,,,,
2022.6.11,115,,,,,,,,,,,,
2022.6.12,115,,,,,,,,,,,,
2022.6.13,115,,,,,,,,,,,,
2022.6.14,115,15.4,,,,,,,,,,,
2022.6.15,115,26.9,,,,,,,,,,,
2022.6.16,115,,,,,,,,,,,,
2022.6.17,115,,,,,,,,,,,,
2022.6.18,115,,,,,,,,,,,,
2022.6.19,115,,,,,,,,,,,,
2022.6.20,115,,,,,,,,,,,,
2022.6.21,115,,,,,,,,,,,,
2022.6.22,115,,,,,,,,,,,,
2022.6.23,115,0,,,,,,,,,,,
2022.6.24,115,17.3,,,,,,,,,,,
2022.6.25,115,,,,,,,,,,,,
2022.6.26,115,,,,,,,,,,,,
2022.6.27,115,37.3,,,,,,,,,,,
2022.6.28,115,0.1,,,,,,,,,,,
2022.6.29,115,,,,,,,,,,,,
2022.6.30,115,,,,,,,,,,,,
2022.7.1,115,,,,,,,,,,,,
2022.7.2,115,,,,,,,,,,,,
2022.7.3,115,,,,,,,,,,,,
2022.7.4,115,,,,,,,,,,,,
2022.7.5,115,,,,,,,,,,,,
2022.7.6,115,,,,,,,,,,,,
2022.7.7,115,,,,,,,,,,,,
2022.7.8,115,2.9,,,,,,,,,,,
2022.7.9,115,,,,,,,,,,,,
2022.7.10,115,0,,,,,,,,,,,
2022.7.11,115,37,,,,,,,,,,,
2022.7.12,115,0,,,,,,,,,,,
2022.7.13,115,6.2,,,,,,,,,,,
2022.7.14,115,14.8,,,,,,,,,,,
2022.7.15,115,0.1,,,,,,,,,,,
2022.7.16,115,,,,,,,,,,,,
2022.7.17,115,,,,,,,,,,,,
2022.7.18,115,0,,,,,,,,,,,
2022.7.19,115,0,,,,,,,,,,,
2022.7.20,115,,,,,,,,,,,,
2022.7.21,115,54.7,,,,,,,,,,,
2022.7.22,115,26.2,,,,,,,,,,,
2022.7.23,115,0,,,,,,,,,,,
2022.7.24,115,10.9,,,,,,,,,,,
2022.7.25,115,,,,,,,,,,,,
2022.7.26,115,,,,,,,,,,,,
2022.7.27,115,,,,,,,,,,,,
2022.7.28,115,0,,,,,,,,,,,
2022.7.29,115,0,,,,,,,,,,,
2022.7.30,115,0,,,,,,,,,,,
2022.7.31,115,0,,,,,,,,,,,
2022.8.1,115,,,,,,,,,,,,
2022.8.2,115,0.5,,,,,,,,,,,
2022.8.3,115,,,,,,,,,,,,
2022.8.4,115,0,,,,,,,,,,,
2022.8.5,115,,,,,,,,,,,,
2022.8.6,115,,,,,,,,,,,,
2022.8.7,115,,,,,,,,,,,,
2022.8.8,115,0,,,,,,,,,,,
2022.8.9,115,0,,,,,,,,,,,
2022.8.10,115,9.7,,,,,,,,,,,
2022.8.11,115,50,,,,,,,,,,,
2022.8.12,115,,,,,,,,,,,,
2022.8.13,115,1.8,,,,,,,,,,,
2022.8.14,115,0,,,,,,,,,,,
2022.8.15,115,1.6,,,,,,,,,,,
2022.8.16,115,15.5,,,,,,,,,,,
2022.8.17,115,3.4,,,,,,,,,,,
2022.8.18,115,,,,,,,,,,,,
2022.8.19,115,6.3,,,,,,,,,,,
2022.8.20,115,0,,,,,,,,,,,
2022.8.21,115,,,,,,,,,,,,
2022.8.22,115,,,,,,,,,,,,
2022.8.23,115,,,,,,,,,,,,
2022.8.24,115,,,,,,,,,,,,
2022.8.25,115,0,,,,,,,,,,,
2022.8.26,115,0,,,,,,,,,,,
2022.8.27,115,,,,,,,,,,,,
2022.8.28,115,,,,,,,,,,,,
2022.8.29,115,0,,,,,,,,,,,
2022.8.30,115,38.3,,,,,,,,,,,
2022.8.31,115,40.8,,,,,,,,,,,
2022.9.1,115,,,,,,,,,,,,
2022.9.2,115,,,,,,,,,,,,
2022.9.3,115,,,,,,,,,,,,
2022.9.4,115,0,,,,,,,,,,,
2022.9.5,115,0.1,,,,,,,,,,,
2022.9.6,115,32.6,,,,,,,,,,,
2022.9.7,115,,,,,,,,,,,,
2022.9.8,115,,,,,,,,,,,,
2022.9.9,115,,,,,,,,,,,,
2022.9.10,115,,,,,,,,,,,,
2022.9.11,115,,,,,,,,,,,,
2022.9.12,115,0,,,,,,,,,,,
2022.9.13,115,,,,,,,,,,,,
2022.9.14,115,,,,,,,,,,,,
2022.9.15,115,,,,,,,,,,,,
2022.9.16,115,,,,,,,,,,,,
2022.9.17,115,0,,,,,,,,,,,
2022.9.18,115,0.1,,,,,,,,,,,
2022.9.19,115,40.8,,,,,,,,,,,
2022.9.20,115,,,,,,,,,,,,
2022.9.21,115,,,,,,,,,,,,
2022.9.22,115,,,,,,,,,,,,
2022.9.23,115,,,,,,,,,,,,
2022.9.24,115,,,,,,,,,,,,
2022.9.25,115,,,,,,,,,,,,
2022.9.26,115,,,,,,,,,,,,
2022.9.27,115,,,,,,,,,,,,
2022.9.28,115,,,,,,,,,,,,
2022.9.29,115,,,,,,,,,,,,
2022.9.30,115,,,,,,,,,,,,
2022.10.1,115,,,,,,,,,,,,
2022.10.2,115,0,,,,,,,,,,,
2022.10.3,115,10.2,,,,,,,,,,,
2022.10.4,115,43.7,,,,,,,,,,,
2022.10.5,115,,,,,,,,,,,,
2022.10.6,115,20.6,,,,,,,,,,,
2022.10.7,115,81.8,,,,,,,,,,,
2022.10.8,115,,,,,,,,,,,,
2022.10.9,115,24,,,,,,,,,,,
2022.10.10,115,0.8,,,,,,,,,,,
2022.10.11,115,0,,,,,,,,,,,
2022.10.12,115,,,,,,,,,,,,
2022.10.13,115,,,,,,,,,,,,
2022.10.14,115,,,,,,,,,,,,
2022.10.15,115,,,,,,,,,,,,
2022.10.16,115,,,,,,,,,,,,
2022.10.17,115,3.4,,,,,,,,,,,
2022.10.18,115,4.6,,,,,,,,,,,
2022.10.19,115,1.2,,,,,,,,,,,
2022.10.20,115,,,,,,,,,,,,
2022.10.21,115,,,,,,,,,,,,
2022.10.22,115,,,,,,,,,,,,
2022.10.23,115,21,,,,,,,,,,,
2022.10.24,115,6.5,,,,,,,,,,,
2022.10.25,115,0.7,,,,,,,,,,,
2022.10.26,115,,,,,,,,,,,,
2022.10.27,115,12.2,,,,,,,,,,,
2022.10.28,115,34.3,,,,,,,,,,,
2022.10.29,115,,,,,,,,,,,,
2022.10.30,115,,,,,,,,,,,,
2022.10.31,115,,,,,,,,,,,,
2022.11.1,115,,,,,,,,,,,,
2022.11.2,115,,,,,,,,,,,,
2022.11.3,115,0,,,,,,,,,,,
2022.11.4,115,16.4,,,,,,,,,,,
2022.11.5,115,7.7,,,,,,,,,,,
2022.11.6,115,,,,,,,,,,,,
2022.11.7,115,,,,,,,,,,,,
2022.11.8,115,,,,,,,,,,,,
2022.11.9,115,,,,,,,,,,,,
2022.11.10,115,,,,,,,,,,,,
2022.11.11,115,,,,,,,,,,,,
2022.11.12,115,,,,,,,,,,,,
2022.11.13,115,10.5,,,,,,,,,,,
2022.11.14,115,2.4,,,,,,,,,,,
2022.11.15,115,,,,,,,,,,,,
2022.11.16,115,0.3,,,,,,,,,,,
2022.11.17,115,,,,,,,,,,,,
2022.11.18,115,,,,,,,,,,,,
2022.11.19,115,,,,,,,,,,,,
2022.11.20,115,,,,,,,,,,,,
2022.11.21,115,,,,,,,,,,,,
2022.11.22,115,1.7,,,,,,,,,,,
2022.11.23,115,5.1,,,,,,,,,,,
2022.11.24,115,1,,,,,,,,,,,
2022.11.25,115,,,,,,,,,,,,
2022.11.26,115,,,,,,,,,,,,
2022.11.27,115,,,,,,,,,,,,
2022.11.28,115,0,,,,,,,,,,,
2022.11.29,115,24.3,,,,,,,,,,,
2022.11.30,115,1.5,,,,,,,,,,,
2022.12.1,115,0.7,,,,,,,,,,,
2022.12.2,115,0.5,,,,,,,,,,,
2022.12.3,115,,,,,,,,,,,,
2022.12.4,115,0.7,,,,,,,,,,,
2022.12.5,115,0.2,,,,,,,,,,,
2022.12.6,115,0,,,,,,,,,,,
2022.12.7,115,0,,,,,,,,,,,
2022.12.8,115,,,,,,,,,,,,
2022.12.9,115,,,,,,,,,,,,
2022.12.10,115,,,,,,,,,,,,
2022.12.11,115,8.5,,,,,,,,,,,
2022.12.12,115,20.5,,,,,,,,,,,
2022.12.13,115,4.7,,,,,,,,,,,
2022.12.14,115,5.7,,,,,,,,,,,
2022.12.15,115,0,,,,,,,,,,,
2022.12.16,115,1.3,,,,,,,,,,,
2022.12.17,115,1.4,,,,,,,,,,,
2022.12.18,115,2.5,,,,,,,,,,,
2022.12.19,115,0.5,,,,,,,,,,,
2022.12.20,115,0,,,,,,,,,,,
2022.12.21,115,4.9,,,,,,,,,,,
2022.12.22,115,0.7,,,,,,,,,,,
2022.12.23,115,25.1,,,,,,,,,,,
2022.12.24,115,11.3,,,,,,,,,,,
2022.12.25,115,8.8,,,,,,,,,,,
2022.12.26,115,9.8,,,,,,,,,,,
2022.12.27,115,1.1,,,,,,,,,,,
2022.12.28,115,,,,,,,,,,,,
2022.12.29,115,0,,,,,,,,,,,
2022.12.30,115,0,,,,,,,,,,,
2022.12.31,115,,,,,,,,,,,,
2023.1.1,115,,,,,,,,,,,,
2023.1.2,115,0.5,,,,,,,,,,,
2023.1.3,115,,,,,,,,,,,,
2023.1.4,115,,,,,,,,,,,,
2023.1.5,115,,,,,,,,,,,,
2023.1.6,115,,,,,,,,,,,,
2023.1.7,115,13.5,,,,,,,,,,,
2023.1.8,115,0,,,,,,,,,,,
2023.1.9,115,0.3,,,,,,,,,,,
2023.1.10,115,,,,,,,,,,,,
2023.1.11,115,,,,,,,,,,,,
2023.1.12,115,,,,,,,,,,,,
2023.1.13,115,8.2,,,,,,,,,,,
2023.1.14,115,0.8,,,,,,,,,,,
2023.1.15,115,12.7,,,,,,,,,,,
2023.1.16,115,15.7,,,,,,,,,,,
2023.1.17,115,0,,,,,,,,,,,
2023.1.18,115,0.8,,,,,,,,,,,
2023.1.19,115,,,,,,,,,,,,
2023.1.20,115,0,,,,,,,,,,,
2023.1.21,115,0,,,,,,,,,,,
2023.1.22,115,0.5,,,,,,,,,,,
2023.1.23,115,2.9,,,,,,,,,,,
2023.1.24,115,91.9,,,,,,,,,,,
2023.1.25,115,7.1,,,,,,,,,,,
2023.1.26,115,0.2,,,,,,,,,,,
2023.1.27,115,20.3,,,,,,,,,,,
2023.1.28,115,2.3,,,,,,,,,,,
2023.1.29,115,0.4,,,,,,,,,,,
2023.1.30,115,8.4,,,,,,,,,,,
2023.1.31,115,,,,,,,,,,,,
2023.2.1,115,0.2,,,,,,,,,,,
2023.2.2,115,2,,,,,,,,,,,
2023.2.3,115,,,,,,,,,,,,
2023.2.4,115,0,,,,,,,,,,,
2023.2.5,115,,,,,,,,,,,,
2023.2.6,115,,,,,,,,,,,,
2023.2.7,115,0.2,,,,,,,,,,,
2023.2.8,115,2.3,,,,,,,,,,,
2023.2.9,115,,,,,,,,,,,,
2023.2.10,115,15.2,,,,,,,,,,,
2023.2.11,115,,,,,,,,,,,,
2023.2.12,115,0,,,,,,,,,,,
2023.2.13,115,0,,,,,,,,,,,
2023.2.14,115,7.9,,,,,,,,,,,
2023.2.15,115,0,,,,,,,,,,,
2023.2.16,115,0,,,,,,,,,,,
2023.2.17,115,,,,,,,,,,,,
2023.2.18,115,0,,,,,,,,,,,
2023.2.19,115,,,,,,,,,,,,
2023.2.20,115,1,,,,,,,,,,,
2023.2.21,115,6.7,,,,,,,,,,,
2023.2.22,115,,,,,,,,,,,,
2023.2.23,115,,,,,,,,,,,,
2023.2.24,115,0,,,,,,,,,,,
2023.2.25,115,7.7,,,,,,,,,,,
2023.2.26,115,,,,,,,,,,,,
2023.2.27,115,,,,,,,,,,,,
2023.2.28,115,,,,,,,,,,,,
2023.3.1,115,2.5,,,,,,,,,,,
2023.3.2,115,2.1,,,,,,,,,,,
2023.3.3,115,,,,,,,,,,,,
2023.3.4,115,,,,,,,,,,,,
2023.3.5,115,,,,,,,,,,,,
2023.3.6,115,,,,,,,,,,,,
2023.3.7,115,0,,,,,,,,,,,
2023.3.8,115,0,,,,,,,,,,,
2023.3.9,115,,,,,,,,,,,,
2023.3.10,115,,,,,,,,,,,,
2023.3.11,115,0,,,,,,,,,,,
2023.3.12,115,14.5,,,,,,,,,,,
2023.3.13,115,5.7,,,,,,,,,,,
2023.3.14,115,,,,,,,,,,,,
2023.3.15,115,,,,,,,,,,,,
2023.3.16,115,,,,,,,,,,,,
2023.3.17,115,,,,,,,,,,,,
2023.3.18,115,,,,,,,,,,,,
2023.3.19,115,,,,,,,,,,,,
2023.3.20,115,,,,,,,,,,,,
2023.3.21,115,,,,,,,,,,,,
2023.3.22,115,,,,,,,,,,,,
2023.3.23,115,17.8,,,,,,,,,,,
2023.3.24,115,,,,,,,,,,,,
2023.3.25,115,,,,,,,,,,,,
2023.3.26,115,,,,,,,,,,,,
2023.3.27,115,0.8,,,,,,,,,,,
2023.3.28,115,,,,,,,,,,,,
2023.3.29,115,3.5,,,,,,,,,,,
2023.3.30,115,,,,,,,,,,,,
2023.3.31,115,,,,,,,,,,,,
2023.4.1,115,,,,,,,,,,,,
2023.4.2,115,,,,,,,,,,,,
2023.4.3,115,,,,,,,,,,,,
2023.4.4,115,,,,,,,,,,,,
2023.4.5,115,26,,,,,,,,,,,
2023.4.6,115,0.5,,,,,,,,,,,
2023.4.7,115,5.5,,,,,,,,,,,
2023.4.8,115,,,,,,,,,,,,
2023.4.9,115,,,,,,,,,,,,
2023.4.10,115,,,,,,,,,,,,
2023.4.11,115,,,,,,,,,,,,
2023.4.12,115,,,,,,,,,,,,
2023.4.13,115,,,,,,,,,,,,
2023.4.14,115,,,,,,,,,,,,
2023.4.15,115,8.3,,,,,,,,,,,
2023.4.16,115,,,,,,,,,,,,
2023.4.17,115,2.2,,,,,,,,,,,
2023.4.18,115,4.1,,,,,,,,,,,
2023.4.19,115,,,,,,,,,,,,
2023.4.20,115,0,,,,,,,,,,,
2023.4.21,115,,,,,,,,,,,,
2023.4.22,115,,,,,,,,,,,,
2023.4.23,115,,,,,,,,,,,,
2023.4.24,115,,,,,,,,,,,,
2023.4.25,115,4.3,,,,,,,,,,,
2023.4.26,115,0.9,,,,,,,,,,,
2023.4.27,115,,,,,,,,,,,,
2023.4.28,115,,,,,,,,,,,,
2023.4.29,115,17.1,,,,,,,,,,,
2023.4.30,115,,,,,,,,,,,,
2023.5.1,115,1.1,,,,,,,,,,,
2023.5.2,115,,,,,,,,,,,,
2023.5.3,115,,,,,,,,,,,,
2023.5.4,115,,,,,,,,,,,,
2023.5.5,115,43.3,,,,,,,,,,,
2023.5.6,115,44.3,,,,,,,,,,,
2023.5.7,115,,,,,,,,,,,,
2023.5.8,115,,,,,,,,,,,,
2023.5.9,115,,,,,,,,,,,,
2023.5.10,115,,,,,,,,,,,,
2023.5.11,115,,,,,,,,,,,,
2023.5.12,115,,,,,,,,,,,,
2023.5.13,115,,,,,,,,,,,,
2023.5.14,115,,,,,,,,,,,,
2023.5.15,115,,,,,,,,,,,,
2023.5.16,115,,,,,,,,,,,,
2023.5.17,115,,,,,,,,,,,,
2023.5.18,115,1.3,,,,,,,,,,,
2023.5.19,115,0,,,,,,,,,,,
2023.5.20,115,,,,,,,,,,,,
2023.5.21,115,0,,,,,,,,,,,
2023.5.22,115,0,,,,,,,,,,,
2023.5.23,115,,,,,,,,,,,,
2023.5.24,115,,,,,,,,,,,,
2023.5.25,115,,,,,,,,,,,,
2023.5.26,115,0,,,,,,,,,,,
2023.5.27,115,0,,,,,,,,,,,
2023.5.28,115,43.8,,,,,,,,,,,
2023.5.29,115,18.5,,,,,,,,,,,
2023.5.30,115,0.3,,,,,,,,,,,
2023.5.31,115,,,,,,,,,,,,
2023.6.1,115,0,,,,,,,,,,,
2023.6.2,115,0,,,,,,,,,,,
2023.6.3,115,,,,,,,,,,,,
2023.6.4,115,,,,,,,,,,,,
2023.6.5,115,,,,,,,,,,,,
2023.6.6,115,,,,,,,,,,,,
2023.6.7,115,,,,,,,,,,,,
2023.6.8,115,,,,,,,,,,,,
2023.6.9,115,0.6,,,,,,,,,,,
2023.6.10,115,,,,,,,,,,,,
2023.6.11,115,2.7,,,,,,,,,,,
2023.6.12,115,,,,,,,,,,,,
2023.6.13,115,,,,,,,,,,,,
2023.6.14,115,9.4,,,,,,,,,,,
2023.6.15,115,3.9,,,,,,,,,,,
2023.6.16,115,,,,,,,,,,,,
2023.6.17,115,,,,,,,,,,,,
2023.6.18,115,,,,,,,,,,,,
2023.6.19,115,,,,,,,,,,,,
2023.6.20,115,,,,,,,,,,,,
2023.6.21,115,12.5,,,,,,,,,,,
2023.6.22,115,,,,,,,,,,,,
2023.6.23,115,0.7,,,,,,,,,,,
2023.6.24,115,0,,,,,,,,,,,
2023.6.25,115,,,,,,,,,,,,
2023.6.26,115,29.9,,,,,,,,,,,
2023.6.27,115,4,,,,,,,,,,,
2023.6.28,115,0,,,,,,,,,,,
2023.6.29,115,42.3,,,,,,,,,,,
2023.6.30,115,19.3,,,,,,,,,,,
2023.7.1,115,,,,,,,,,,,,
2023.7.2,115,,,,,,,,,,,,
2023.7.3,115,,,,,,,,,,,,
2023.7.4,115,0,,,,,,,,,,,
2023.7.5,115,37.6,,,,,,,,,,,
2023.7.6,115,,,,,,,,,,,,
2023.7.7,115,3.1,,,,,,,,,,,
2023.7.8,115,8.4,,,,,,,,,,,
2023.7.9,115,16.6,,,,,,,,,,,
2023.7.10,115,0,,,,,,,,,,,
2023.7.11,115,4.9,,,,,,,,,,,
2023.7.12,115,0.1,,,,,,,,,,,
2023.7.13,115,0,,,,,,,,,,,
2023.7.14,115,40.7,,,,,,,,,,,
2023.7.15,115,83.2,,,,,,,,,,,
2023.7.16,115,3.5,,,,,,,,,,,
2023.7.17,115,0,,,,,,,,,,,
2023.7.18,115,20.6,,,,,,,,,,,
2023.7.19,115,3.4,,,,,,,,,,,
2023.7.20,115,,,,,,,,,,,,
2023.7.21,115,,,,,,,,,,,,
2023.7.22,115,,,,,,,,,,,,
2023.7.23,115,0,,,,,,,,,,,
2023.7.24,115,0.4,,,,,,,,,,,
2023.7.25,115,,,,,,,,,,,,
2023.7.26,115,,,,,,,,,,,,
2023.7.27,115,,,,,,,,,,,,
2023.7.28,115,,,,,,,,,,,,
2023.7.29,115,,,,,,,,,,,,
2023.7.30,115,,,,,,,,,,,,
2023.7.31,115,,,,,,,,,,,,
2023.8.1,115,,,,,,,,,,,,
2023.8.2,115,,,,,,,,,,,,
2023.8.3,115,,,,,,,,,,,,
2023.8.4,115,,,,,,,,,,,,
2023.8.5,115,,,,,,,,,,,,
2023.8.6,115,,,,,,,,,,,,
2023.8.7,115,0.1,,,,,,,,,,,
2023.8.8,115,,,,,,,,,,,,
2023.8.9,115,2.2,,,,,,,,,,,
2023.8.10,115,7.3,,,,,,,,,,,
2023.8.11,115,,,,,,,,,,,,
2023.8.12,115,,,,,,,,,,,,
2023.8.13,115,,,,,,,,,,,,
2023.8.14,115,0.5,,,,,,,,,,,
2023.8.15,115,1.8,,,,,,,,,,,
2023.8.16,115,2.6,,,,,,,,,,,
2023.8.17,115,0,,,,,,,,,,,
2023.8.18,115,0.2,,,,,,,,,,,
2023.8.19,115,,,,,,,,,,,,
2023.8.20,115,4.9,,,,,,,,,,,
2023.8.21,115,0,,,,,,,,,,,
2023.8.22,115,,,,,,,,,,,,
2023.8.23,115,,,,,,,,,,,,
2023.8.24,115,0.3,,,,,,,,,,,
2023.8.25,115,1.4,,,,,,,,,,,
2023.8.26,115,,,,,,,,,,,,
2023.8.27,115,,,,,,,,,,,,
2023.8.28,115,0,,,,,,,,,,,
2023.8.29,115,0,,,,,,,,,,,
2023.8.30,115,0,,,,,,,,,,,
2023.8.31,115,19.8,,,,,,,,,,,
2023.9.1,115,3.5,,,,,,,,,,,
2023.9.2,115,,,,,,,,,,,,
2023.9.3,115,1.4,,,,,,,,,,,
2023.9.4,115,4.8,,,,,,,,,,,
2023.9.5,115,,,,,,,,,,,,
2023.9.6,115,,,,,,,,,,,,
2023.9.7,115,,,,,,,,,,,,
2023.9.8,115,,,,,,,,,,,,
2023.9.9,115,,,,,,,,,,,,
2023.9.10,115,0,,,,,,,,,,,
2023.9.11,115,19.3,,,,,,,,,,,
2023.9.12,115,,,,,,,,,,,,
2023.9.13,115,25.1,,,,,,,,,,,
2023.9.14,115,3.3,,,,,,,,,,,
2023.9.15,115,47.8,,,,,,,,,,,
2023.9.16,115,3.3,,,,,,,,,,,
2023.9.17,115,15.2,,,,,,,,,,,
2023.9.18,115,0.5,,,,,,,,,,,
2023.9.19,115,,,,,,,,,,,,
2023.9.20,115,65.1,,,,,,,,,,,
2023.9.21,115,75.9,,,,,,,,,,,
2023.9.22,115,,,,,,,,,,,,
2023.9.23,115,,,,,,,,,,,,
2023.9.24,115,,,,,,,,,,,,
2023.9.25,115,0.1,,,,,,,,,,,
2023.9.26,115,7.8,,,,,,,,,,,
2023.9.27,115,7.4,,,,,,,,,,,
2023.9.28,115,0,,,,,,,,,,,
2023.9.29,115,,,,,,,,,,,,
2023.9.30,115,11.5,,,,,,,,,,,
2023.10.1,115,0.2,,,,,,,,,,,
2023.10.2,115,,,,,,,,,,,,
2023.10.3,115,,,,,,,,,,,,
2023.10.4,115,,,,,,,,,,,,
2023.10.5,115,1.3,,,,,,,,,,,
2023.10.6,115,,,,,,,,,,,,
2023.10.7,115,,,,,,,,,,,,
2023.10.8,115,,,,,,,,,,,,
2023.10.9,115,0,,,,,,,,,,,
2023.10.10,115,10.4,,,,,,,,,,,
2023.10.11,115,,,,,,,,,,,,
2023.10.12,115,,,,,,,,,,,,
2023.10.13,115,,,,,,,,,,,,
2023.10.14,115,6.1,,,,,,,,,,,
2023.10.15,115,9,,,,,,,,,,,
2023.10.16,115,0.2,,,,,,,,,,,
2023.10.17,115,,,,,,,,,,,,
2023.10.18,115,,,,,,,,,,,,
2023.10.19,115,3,,,,,,,,,,,
2023.10.20,115,18.5,,,,,,,,,,,
2023.10.21,115,0.1,,,,,,,,,,,
2023.10.22,115,,,,,,,,,,,,
2023.10.23,115,,,,,,,,,,,,
2023.10.24,115,,,,,,,,,,,,
2023.10.25,115,,,,,,,,,,,,
2023.10.26,115,0,,,,,,,,,,,
2023.10.27,115,0.3,,,,,,,,,,,
2023.10.28,115,,,,,,,,,,,,
2023.10.29,115,,,,,,,,,,,,
2023.10.30,115,,,,,,,,,,,,
2023.10.31,115,,,,,,,,,,,,
2023.11.1,115,,,,,,,,,,,,
2023.11.2,115,,,,,,,,,,,,
2023.11.3,115,0,,,,,,,,,,,
2023.11.4,115,1.5,,,,,,,,,,,
2023.11.5,115,3.2,,,,,,,,,,,
2023.11.6,115,1.5,,,,,,,,,,,
2023.11.7,115,,,,,,,,,,,,
2023.11.8,115,,,,,,,,,,,,
2023.11.9,115,,,,,,,,,,,,
2023.11.10,115,30,,,,,,,,,,,
2023.11.11,115,11.2,,,,,,,,,,,
2023.11.12,115,41.3,,,,,,,,,,,
2023.11.13,115,7,,,,,,,,,,,
2023.11.14,115,,,,,,,,,,,,
2023.11.15,115,,,,,,,,,,,,
2023.11.16,115,4.7,,,,,,,,,,,
2023.11.17,115,4.1,,,,,,,,,,,
2023.11.18,115,1.6,,,,,,,,,,,
2023.11.19,115,0.2,,,,,,,,,,,
2023.11.20,115,0,,,,,,,,,,,
2023.11.21,115,,,,,,,,,,,,
2023.11.22,115,,,,,,,,,,,,
2023.11.23,115,,,,,,,,,,,,
2023.11.24,115,6,,,,,,,,,,,
2023.11.25,115,0,,,,,,,,,,,
2023.11.26,115,,,,,,,,,,,,
2023.11.27,115,0.6,,,,,,,,,,,
2023.11.28,115,,,,,,,,,,,,
2023.11.29,115,,,,,,,,,,,,
2023.11.30,115,2.6,,,,,,,,,,,
2023.12.1,115,3.3,,,,,,,,,,,
2023.12.2,115,,,,,,,,,,,,
2023.12.3,115,1.6,,,,,,,,,,,
2023.12.4,115,,,,,,,,,,,,
2023.12.5,115,,,,,,,,,,,,
2023.12.6,115,,,,,,,,,,,,
2023.12.7,115,0,,,,,,,,,,,
2023.12.8,115,,,,,,,,,,,,
2023.12.9,115,,,,,,,,,,,,
2023.12.10,115,5.8,,,,,,,,,,,
2023.12.11,115,22.3,,,,,,,,,,,
2023.12.12,115,16.5,,,,,,,,,,,
2023.12.13,115,,,,,,,,,,,,
2023.12.14,115,6.4,,,,,,,,,,,
2023.12.15,115,40.7,,,,,,,,,,,
2023.12.16,115,2.3,,,,,,,,,,,
2023.12.17,115,5.1,,,,,,,,,,,
2023.12.18,115,0,,,,,,,,,,,
2023.12.19,115,2.5,,,,,,,,,,,
2023.12.20,115,13.2,,,,,,,,,,,
2023.12.21,115,9.5,,,,,,,,,,,
2023.12.22,115,16.9,,,,,,,,,,,
2023.12.23,115,0.1,,,,,,,,,,,
2023.12.24,115,1.4,,,,,,,,,,,
2023.12.25,115,1.2,,,,,,,,,,,
2023.12.26,115,,,,,,,,,,,,
2023.12.27,115,,,,,,,,,,,,
2023.12.28,115,,,,,,,,,,,,
2023.12.29,115,0.5,,,,,,,,,,,
2023.12.30,115,1.7,,,,,,,,,,,
2023.12.31,115,32.8,,,,,,,,,,,
2024.1.1,115,,,,,,,,,,,,
2024.1.2,115,,,,,,,,,,,,
2024.1.3,115,30.3,,,,,,,,,,,
2024.1.4,115,9.7,,,,,,,,,,,
2024.1.5,115,,,,,,,,,,,,
2024.1.6,115,0,,,,,,,,,,,
2024.1.7,115,1.5,,,,,,,,,,,
2024.1.8,115,1.2,,,,,,,,,,,
2024.1.9,115,4.7,,,,,,,,,,,
2024.1.10,115,4.7,,,,,,,,,,,
2024.1.11,115,,,,,,,,,,,,
2024.1.12,115,,,,,,,,,,,,
2024.1.13,115,3.3,,,,,,,,,,,
2024.1.14,115,0.2,,,,,,,,,,,
2024.1.15,115,0.6,,,,,,,,,,,
2024.1.16,115,,,,,,,,,,,,
2024.1.17,115,4,,,,,,,,,,,
2024.1.18,115,7.9,,,,,,,,,,,
2024.1.19,115,0.1,,,,,,,,,,,
2024.1.20,115,7,,,,,,,,,,,
2024.1.21,115,1.6,,,,,,,,,,,
2024.1.22,115,6.4,,,,,,,,,,,
2024.1.23,115,14.2,,,,,,,,,,,
2024.1.24,115,24.1,,,,,,,,,,,
2024.1.25,115,8.2,,,,,,,,,,,
2024.1.26,115,,,,,,,,,,,,
2024.1.27,115,,,,,,,,,,,,
2024.1.28,115,6,,,,,,,,,,,
2024.1.29,115,,,,,,,,,,,,
2024.1.30,115,,,,,,,,,,,,
2024.1.31,115,,,,,,,,,,,,
2024.2.1,115,5.6,,,,,,,,,,,
2024.2.2,115,,,,,,,,,,,,
2024.2.3,115,1.5,,,,,,,,,,,
2024.2.4,115,4.2,,,,,,,,,,,
2024.2.5,115,1.9,,,,,,,,,,,
2024.2.6,115,5.6,,,,,,,,,,,
2024.2.7,115,0.3,,,,,,,,,,,
2024.2.8,115,0,,,,,,,,,,,
2024.2.9,115,0,,,,,,,,,,,
2024.2.10,115,,,,,,,,,,,,
2024.2.11,115,0,,,,,,,,,,,
2024.2.12,115,,,,,,,,,,,,
2024.2.13,115,,,,,,,,,,,,
2024.2.14,115,,,,,,,,,,,,
2024.2.15,115,11.2,,,,,,,,,,,
2024.2.16,115,,,,,,,,,,,,
2024.2.17,115,,,,,,,,,,,,
2024.2.18,115,,,,,,,,,,,,
2024.2.19,115,21.1,,,,,,,,,,,
2024.2.20,115,12.5,,,,,,,,,,,
2024.2.21,115,11.8,,,,,,,,,,,
2024.2.22,115,6.9,,,,,,,,,,,
2024.2.23,115,0,,,,,,,,,,,
2024.2.24,115,,,,,,,,,,,,
2024.2.25,115,8.5,,,,,,,,,,,
2024.2.26,115,1.6,,,,,,,,,,,
2024.2.27,115,,,,,,,,,,,,
2024.2.28,115,,,,,,,,,,,,
2024.2.29,115,3,,,,,,,,,,,
2024.3.1,115,0.7,,,,,,,,,,,
2024.3.2,115,0.2,,,,,,,,,,,
2024.3.3,115,0.4,,,,,,,,,,,
2024.3.4,115,,,,,,,,,,,,
2024.3.5,115,2.3,,,,,,,,,,,
2024.3.6,115,3.4,,,,,,,,,,,
2024.3.7,115,4.1,,,,,,,,,,,
2024.3.8,115,0.8,,,,,,,,,,,
2024.3.9,115,1.1,,,,,,,,,,,
2024.3.10,115,,,,,,,,,,,,
2024.3.11,115,,,,,,,,,,,,
2024.3.12,115,0,,,,,,,,,,,
2024.3.13,115,,,,,,,,,,,,
2024.3.14,115,,,,,,,,,,,,
2024.3.15,115,,,,,,,,,,,,
2024.3.16,115,,,,,,,,,,,,
2024.3.17,115,,,,,,,,,,,,
2024.3.18,115,,,,,,,,,,,,
2024.3.19,115,9,,,,,,,,,,,
2024.3.20,115,10,,,,,,,,,,,
2024.3.21,115,6.3,,,,,,,,,,,
2024.3.22,115,1.9,,,,,,,,,,,
2024.3.23,115,3.1,,,,,,,,,,,
2024.3.24,115,,,,,,,,,,,,
2024.3.25,115,0,,,,,,,,,,,
2024.3.26,115,21.3,,,,,,,,,,,
2024.3.27,115,,,,,,,,,,,,
2024.3.28,115,25.1,,,,,,,,,,,
2024.3.29,115,0.2,,,,,,,,,,,
2024.3.30,115,,,,,,,,,,,,
2024.3.31,115,,,,,,,,,,,,
2024.4.1,115,,,,,,,,,,,,
2024.4.2,115,,,,,,,,,,,,
2024.4.3,115,5.8,,,,,,,,,,,
2024.4.4,115,,,,,,,,,,,,
2024.4.5,115,,,,,,,,,,,,
2024.4.6,115,,,,,,,,,,,,
2024.4.7,115,,,,,,,,,,,,
2024.4.8,115,,,,,,,,,,,,
2024.4.9,115,,,,,,,,,,,,
2024.4.10,115,,,,,,,,,,,,
2024.4.11,115,,,,,,,,,,,,
2024.4.12,115,,,,,,,,,,,,
2024.4.13,115,,,,,,,,,,,,
2024.4.14,115,,,,,,,,,,,,
2024.4.15,115,13.8,,,,,,,,,,,
2024.4.16,115,2.2,,,,,,,,,,,
2024.4.17,115,,,,,,,,,,,,
2024.4.18,115,,,,,,,,,,,,
2024.4.19,115,,,,,,,,,,,,
2024.4.20,115,2.8,,,,,,,,,,,
2024.4.21,115,0.7,,,,,,,,,,,
2024.4.22,115,,,,,,,,,,,,
2024.4.23,115,5.3,,,,,,,,,,,
2024.4.24,115,11.4,,,,,,,,,,,
2024.4.25,115,,,,,,,,,,,,
2024.4.26,115,,,,,,,,,,,,
2024.4.27,115,,,,,,,,,,,,
2024.4.28,115,,,,,,,,,,,,
2024.4.29,115,3.2,,,,,,,,,,,
2024.4.30,115,,,,,,,,,,,,
2024.5.1,115,,,,,,,,,,,,
2024.5.2,115,,,,,,,,,,,,
2024.5.3,115,,,,,,,,,,,,
2024.5.4,115,,,,,,,,,,,,
2024.5.5,115,10.5,,,,,,,,,,,
2024.5.6,115,6.6,,,,,,,,,,,
2024.5.7,115,4.5,,,,,,,,,,,
2024.5.8,115,,,,,,,,,,,,
2024.5.9,115,,,,,,,,,,,,
2024.5.10,115,,,,,,,,,,,,
2024.5.11,115,3.5,,,,,,,,,,,
2024.5.12,115,15.3,,,,,,,,,,,
2024.5.13,115,,,,,,,,,,,,
2024.5.14,115,,,,,,,,,,,,
2024.5.15,115,0,,,,,,,,,,,
2024.5.16,115,21.8,,,,,,,,,,,
2024.5.17,115,,,,,,,,,,,,
2024.5.18,115,,,,,,,,,,,,
2024.5.19,115,,,,,,,,,,,,
2024.5.20,115,0,,,,,,,,,,,
2024.5.21,115,,,,,,,,,,,,
2024.5.22,115,,,,,,,,,,,,
2024.5.23,115,,,,,,,,,,,,
2024.5.24,115,,,,,,,,,,,,
2024.5.25,115,,,,,,,,,,,,
2024.5.26,115,19.4,,,,,,,,,,,
2024.5.27,115,2.7,,,,,,,,,,,
2024.5.28,115,,,,,,,,,,,,
2024.5.29,115,,,,,,,,,,,,
2024.5.30,115,,,,,,,,,,,,
2024.5.31,115,,,,,,,,,,,,
2024.6.1,115,,,,,,,,,,,,
2024.6.2,115,0,,,,,,,,,,,
2024.6.3,115,0,,,,,,,,,,,
2024.6.4,115,0,,,,,,,,,,,
2024.6.5,115,,,,,,,,,,,,
2024.6.6,115,,,,,,,,,,,,
2024.6.7,115,,,,,,,,,,,,
2024.6.8,115,9.5,,,,,,,,,,,
2024.6.9,115,0.1,,,,,,,,,,,
2024.6.10,115,0,,,,,,,,,,,
2024.6.11,115,,,,,,,,,,,,
2024.6.12,115,,,,,,,,,,,,
2024.6.13,115,,,,,,,,,,,,
2024.6.14,115,,,,,,,,,,,,
2024.6.15,115,1.4,,,,,,,,,,,
2024.6.16,115,0.1,,,,,,,,,,,
2024.6.17,115,,,,,,,,,,,,
2024.6.18,115,,,,,,,,,,,,
2024.6.19,115,,,,,,,,,,,,
2024.6.20,115,,,,,,,,,,,,
2024.6.21,115,,,,,,,,,,,,
2024.6.22,115,37.3,,,,,,,,,,,
2024.6.23,115,3.1,,,,,,,,,,,
2024.6.24,115,0,,,,,,,,,,,
2024.6.25,115,,,,,,,,,,,,
2024.6.26,115,,,,,,,,,,,,
2024.6.27,115,,,,,,,,,,,,
2024.6.28,115,,,,,,,,,,,,
2024.6.29,115,0.4,,,,,,,,,,,
2024.6.30,115,35,,,,,,,,,,,
2024.7.1,115,0,,,,,,,,,,,
2024.7.2,115,34.3,,,,,,,,,,,
2024.7.3,115,3.3,,,,,,,,,,,
2024.7.4,115,,,,,,,,,,,,
2024.7.5,115,0.2,,,,,,,,,,,
2024.7.6,115,0,,,,,,,,,,,
2024.7.7,115,28.3,,,,,,,,,,,
2024.7.8,115,19.1,,,,,,,,,,,
2024.7.9,115,34.2,,,,,,,,,,,
2024.7.10,115,31.6,,,,,,,,,,,
2024.7.11,115,,,,,,,,,,,,
2024.7.12,115,,,,,,,,,,,,
2024.7.13,115,,,,,,,,,,,,
2024.7.14,115,4.3,,,,,,,,,,,
2024.7.15,115,1.7,,,,,,,,,,,
2024.7.16,115,7.2,,,,,,,,,,,
2024.7.17,115,6.7,,,,,,,,,,,
2024.7.18,115,37.3,,,,,,,,,,,
2024.7.19,115,,,,,,,,,,,,
2024.7.20,115,,,,,,,,,,,,
2024.7.21,115,,,,,,,,,,,,
2024.7.22,115,,,,,,,,,,,,
2024.7.23,115,0,,,,,,,,,,,
2024.7.24,115,0,,,,,,,,,,,
2024.7.25,115,,,,,,,,,,,,
2024.7.26,115,,,,,,,,,,,,
2024.7.27,115,0,,,,,,,,,,,
2024.7.28,115,,,,,,,,,,,,
2024.7.29,115,,,,,,,,,,,,
2024.7.30,115,,,,,,,,,,,,
2024.7.31,115,,,,,,,,,,,,
2024.8.1,115,,,,,,,,,,,,
2024.8.2,115,,,,,,,,,,,,
2024.8.3,115,,,,,,,,,,,,
2024.8.4,115,,,,,,,,,,,,
2024.8.5,115,,,,,,,,,,,,
2024.8.6,115,,,,,,,,,,,,
2024.8.7,115,,,,,,,,,,,,
2024.8.8,115,0,,,,,,,,,,,
2024.8.9,115,,,,,,,,,,,,
2024.8.10,115,,,,,,,,,,,,
2024.8.11,115,,,,,,,,,,,,
2024.8.12,115,,,,,,,,,,,,
2024.8.13,115,,,,,,,,,,,,
2024.8.14,115,,,,,,,,,,,,
2024.8.15,115,,,,,,,,,,,,
2024.8.16,115,,,,,,,,,,,,
2024.8.17,115,1.6,,,,,,,,,,,
2024.8.18,115,,,,,,,,,,,,
2024.8.19,115,,,,,,,,,,,,
2024.8.20,115,3.7,,,,,,,,,,,
2024.8.21,115,,,,,,,,,,,,
2024.8.22,115,,,,,,,,,,,,
2024.8.23,115,,,,,,,,,,,,
2024.8.24,115,,,,,,,,,,,,
2024.8.25,115,0.1,,,,,,,,,,,
2024.8.26,115,12.7,,,,,,,,,,,
2024.8.27,115,12,,,,,,,,,,,
2024.8.28,115,,,,,,,,,,,,
2024.8.29,115,1.6,,,,,,,,,,,
2024.8.30,115,2,,,,,,,,,,,
2024.8.31,115,,,,,,,,,,,,
2024.9.1,115,,,,,,,,,,,,
2024.9.2,115,0,,,,,,,,,,,
2024.9.3,115,,,,,,,,,,,,
2024.9.4,115,,,,,,,,,,,,
2024.9.5,115,0,,,,,,,,,,,
2024.9.6,115,13.1,,,,,,,,,,,
2024.9.7,115,0.5,,,,,,,,,,,
2024.9.8,115,,,,,,,,,,,,
2024.9.9,115,,,,,,,,,,,,
2024.9.10,115,,,,,,,,,,,,
2024.9.11,115,99.9,,,,,,,,,,,
2024.9.12,115,208.8,,,,,,,,,,,
2024.9.13,115,,,,,,,,,,,,
2024.9.14,115,0,,,,,,,,,,,
2024.9.15,115,20.8,,,,,,,,,,,
2024.9.16,115,3,,,,,,,,,,,
2024.9.17,115,0,,,,,,,,,,,
2024.9.18,115,0,,,,,,,,,,,
2024.9.19,115,0,,,,,,,,,,,
2024.9.20,115,25.3,,,,,,,,,,,
2024.9.21,115,129.3,,,,,,,,,,,
2024.9.22,115,21.1,,,,,,,,,,,
2024.9.23,115,,,,,,,,,,,,
2024.9.24,115,10.5,,,,,,,,,,,
2024.9.25,115,,,,,,,,,,,,
2024.9.26,115,0.5,,,,,,,,,,,
2024.9.27,115,9.7,,,,,,,,,,,
2024.9.28,115,0.6,,,,,,,,,,,
2024.9.29,115,0.3,,,,,,,,,,,
2024.9.30,115,,,,,,,,,,,,
2024.10.1,115,0.1,,,,,,,,,,,
2024.10.2,115,,,,,,,,,,,,
2024.10.3,115,16.4,,,,,,,,,,,
2024.10.4,115,2.6,,,,,,,,,,,
2024.10.5,115,,,,,,,,,,,,
2024.10.6,115,5.3,,,,,,,,,,,
2024.10.7,115,18.1,,,,,,,,,,,
2024.10.8,115,9.5,,,,,,,,,,,
2024.10.9,115,,,,,,,,,,,,
2024.10.10,115,,,,,,,,,,,,
2024.10.11,115,0.3,,,,,,,,,,,
2024.10.12,115,0.2,,,,,,,,,,,
2024.10.13,115,,,,,,,,,,,,
2024.10.14,115,18.1,,,,,,,,,,,
2024.10.15,115,27.8,,,,,,,,,,,
2024.10.16,115,0,,,,,,,,,,,
2024.10.17,115,,,,,,,,,,,,
2024.10.18,115,63.8,,,,,,,,,,,
2024.10.19,115,35.5,,,,,,,,,,,
2024.10.20,115,,,,,,,,,,,,
2024.10.21,115,0.5,,,,,,,,,,,
2024.10.22,115,17.6,,,,,,,,,,,
2024.10.23,115,5.2,,,,,,,,,,,
2024.10.24,115,,,,,,,,,,,,
2024.10.25,115,,,,,,,,,,,,
2024.10.26,115,,,,,,,,,,,,
2024.10.27,115,0,,,,,,,,,,,
2024.10.28,115,6.2,,,,,,,,,,,
2024.10.29,115,0,,,,,,,,,,,
2024.10.30,115,,,,,,,,,,,,
2024.10.31,115,,,,,,,,,,,,
2024.11.1,115,0,,,,,,,,,,,
2024.11.2,115,8.5,,,,,,,,,,,
2024.11.3,115,,,,,,,,,,,,
2024.11.4,115,0,,,,,,,,,,,
2024.11.5,115,37.3,,,,,,,,,,,
2024.11.6,115,61.2,,,,,,,,,,,
2024.11.7,115,0.1,,,,,,,,,,,
2024.11.8,115,23.1,,,,,,,,,,,
2024.11.9,115,13.3,,,,,,,,,,,
2024.11.10,115,,,,,,,,,,,,
2024.11.11,115,2.6,,,,,,,,,,,
2024.11.12,115,,,,,,,,,,,,
2024.11.13,115,,,,,,,,,,,,
2024.11.14,115,0,,,,,,,,,,,
2024.11.15,115,,,,,,,,,,,,
2024.11.16,115,,,,,,,,,,,,
2024.11.17,115,32.1,,,,,,,,,,,
2024.11.18,115,27.8,,,,,,,,,,,
2024.11.19,115,0,,,,,,,,,,,
2024.11.20,115,1.8,,,,,,,,,,,
2024.11.21,115,0,,,,,,,,,,,
2024.11.22,115,27.7,,,,,,,,,,,
2024.11.23,115,0,,,,,,,,,,,
2024.11.24,115,,,,,,,,,,,,
2024.11.25,115,,,,,,,,,,,,
2024.11.26,115,9.4,,,,,,,,,,,
2024.11.27,115,7.5,,,,,,,,,,,
2024.11.28,115,11.5,,,,,,,,,,,
2024.11.29,115,0.7,,,,,,,,,,,
2024.11.30,115,0,,,,,,,,,,,
2024.12.1,115,,,,,,,,,,,,
2024.12.2,115,0,,,,,,,,,,,
2024.12.3,115,,,,,,,,,,,,
2024.12.4,115,,,,,,,,,,,,
2024.12.5,115,,,,,,,,,,,,
2024.12.6,115,0.2,,,,,,,,,,,
2024.12.7,115,0.6,,,,,,,,,,,
2024.12.8,115,10.7,,,,,,,,,,,
2024.12.9,115,0.1,,,,,,,,,,,
2024.12.10,115,,,,,,,,,,,,
2024.12.11,115,7.2,,,,,,,,,,,
2024.12.12,115,2.7,,,,,,,,,,,
2024.12.13,115,3.5,,,,,,,,,,,
2024.12.14,115,19.4,,,,,,,,,,,
2024.12.15,115,0,,,,,,,,,,,
2024.12.16,115,0,,,,,,,,,,,
2024.12.17,115,0.8,,,,,,,,,,,
2024.12.18,115,35.3,,,,,,,,,,,
2024.12.19,115,0.1,,,,,,,,,,,
2024.12.20,115,,,,,,,,,,,,
2024.12.21,115,31.6,,,,,,,,,,,
2024.12.22,115,22.4,,,,,,,,,,,
2024.12.23,115,0,,,,,,,,,,,
2024.12.24,115,0,,,,,,,,,,,
2024.12.25,115,,,,,,,,,,,,
2024.12.26,115,0,,,,,,,,,,,
2024.12.27,115,0.3,,,,,,,,,,,
2024.12.28,115,3.7,,,,,,,,,,,
2024.12.29,115,0,,,,,,,,,,,
2024.12.30,115,,,,,,,,,,,,
2024.12.31,115,0.2,,,,,,,,,,,
2025.1.1,115,,,,,,,,,,,,
2025.1.2,115,0,,,,,,,,,,,
2025.1.3,115,0.1,,,,,,,,,,,
2025.1.4,115,1.9,,,,,,,,,,,
2025.1.5,115,,,,,,,,,,,,
2025.1.6,115,8.7,,,,,,,,,,,
2025.1.7,115,0.9,,,,,,,,,,,
2025.1.8,115,0,,,,,,,,,,,
2025.1.9,115,2.9,,,,,,,,,,,
2025.1.10,115,24.6,,,,,,,,,,,
2025.1.11,115,6.8,,,,,,,,,,,
2025.1.12,115,21.5,,,,,,,,,,,
2025.1.13,115,1.3,,,,,,,,,,,
2025.1.14,115,0,,,,,,,,,,,
2025.1.15,115,0.3,,,,,,,,,,,
2025.1.16,115,0.5,,,,,,,,,,,
2025.1.17,115,2.3,,,,,,,,,,,
2025.1.18,115,,,,,,,,,,,,
2025.1.19,115,,,,,,,,,,,,
2025.1.20,115,0.8,,,,,,,,,,,
2025.1.21,115,0.3,,,,,,,,,,,
2025.1.22,115,,,,,,,,,,,,
2025.1.23,115,,,,,,,,,,,,
2025.1.24,115,16.9,,,,,,,,,,,
2025.1.25,115,,,,,,,,,,,,
2025.1.26,115,0,,,,,,,,,,,
2025.1.27,115,6.9,,,,,,,,,,,
2025.1.28,115,0.1,,,,,,,,,,,
2025.1.29,115,0.7,,,,,,,,,,,
2025.1.30,115,,,,,,,,,,,,
2025.1.31,115,0,,,,,,,,,,,
2025.2.1,115,19.1,,,,,,,,,,,
2025.2.2,115,25.5,,,,,,,,,,,
2025.2.3,115,6.5,,,,,,,,,,,
2025.2.4,115,3.2,,,,,,,,,,,
2025.2.5,115,0,,,,,,,,,,,
2025.2.6,115,0,,,,,,,,,,,
2025.2.7,115,8.5,,,,,,,,,,,
2025.2.8,115,8,,,,,,,,,,,
2025.2.9,115,0,,,,,,,,,,,
2025.2.10,115,0,,,,,,,,,,,
2025.2.11,115,,,,,,,,,,,,
2025.2.12,115,4.5,,,,,,,,,,,
2025.2.13,115,0.1,,,,,,,,,,,
2025.2.14,115,,,,,,,,,,,,
2025.2.15,115,,,,,,,,,,,,
2025.2.16,115,,,,,,,,,,,,
2025.2.17,115,3.4,,,,,,,,,,,
2025.2.18,115,1,,,,,,,,,,,
2025.2.19,115,7.8,,,,,,,,,,,
2025.2.20,115,5.2,,,,,,,,,,,
2025.2.21,115,9.4,,,,,,,,,,,
2025.2.22,115,7,,,,,,,,,,,
2025.2.23,115,2.9,,,,,,,,,,,
2025.2.24,115,0.1,,,,,,,,,,,
2025.2.25,115,,,,,,,,,,,,
2025.2.26,115,,,,,,,,,,,,
2025.2.27,115,,,,,,,,,,,,
2025.2.28,115,0,,,,,,,,,,,
2025.3.1,115,,,,,,,,,,,,
2025.3.2,115,6.6,,,,,,,,,,,
2025.3.3,115,9.4,,,,,,,,,,,
2025.3.4,115,5.3,,,,,,,,,,,
2025.3.5,115,3.6,,,,,,,,,,,
2025.3.6,115,0,,,,,,,,,,,
2025.3.7,115,,,,,,,,,,,,
2025.3.8,115,0.2,,,,,,,,,,,
2025.3.9,115,0,,,,,,,,,,,
2025.3.10,115,,,,,,,,,,,,
2025.3.11,115,,,,,,,,,,,,
2025.3.12,115,,,,,,,,,,,,
2025.3.13,115,,,,,,,,,,,,
2025.3.14,115,,,,,,,,,,,,
2025.3.15,115,0,,,,,,,,,,,
2025.3.16,115,20.4,,,,,,,,,,,
2025.3.17,115,9.7,,,,,,,,,,,
2025.3.18,115,33.1,,,,,,,,,,,
2025.3.19,115,,,,,,,,,,,,
2025.3.20,115,,,,,,,,,,,,
2025.3.21,115,,,,,,,,,,,,
2025.3.22,115,,,,,,,,,,,,
2025.3.23,115,,,,,,,,,,,,
2025.3.24,115,,,,,,,,,,,,
2025.3.25,115,,,,,,,,,,,,
2025.3.26,115,,,,,,,,,,,,
2025.3.27,115,0.4,,,,,,,,,,,
2025.3.28,115,1.3,,,,,,,,,,,
2025.3.29,115,0.9,,,,,,,,,,,
2025.3.30,115,0.6,,,,,,,,,,,
2025.3.31,115,0,,,,,,,,,,,
2025.4.1,115,,,,,,,,,,,,
2025.4.2,115,0,,,,,,,,,,,
2025.4.3,115,0.1,,,,,,,,,,,
2025.4.4,115,,,,,,,,,,,,
2025.4.5,115,2.4,,,,,,,,,,,
2025.4.6,115,6.7,,,,,,,,,,,
2025.4.7,115,,,,,,,,,,,,
2025.4.8,115,,,,,,,,,,,,
2025.4.9,115,,,,,,,,,,,,
2025.4.10,115,,,,,,,,,,,,
2025.4.11,115,,,,,,,,,,,,
2025.4.12,115,0,,,,,,,,,,,
2025.4.13,115,7.9,,,,,,,,,,,
2025.4.14,115,13.1,,,,,,,,,,,
2025.4.15,115,16.4,,,,,,,,,,,
2025.4.16,115,,,,,,,,,,,,
2025.4.17,115,0,,,,,,,,,,,
2025.4.18,115,,,,,,,,,,,,
2025.4.19,115,0,,,,,,,,,,,
2025.4.20,115,1.5,,,,,,,,,,,
2025.4.21,115,,,,,,,,,,,,
2025.4.22,115,28.5,,,,,,,,,,,
2025.4.23,115,0.4,,,,,,,,,,,
2025.4.24,115,,,,,,,,,,,,
2025.4.25,115,,,,,,,,,,,,
2025.4.26,115,,,,,,,,,,,,
2025.4.27,115,,,,,,,,,,,,
2025.4.28,115,0,,,,,,,,,,,
2025.4.29,115,,,,,,,,,,,,
2025.4.30,115,,,,,,,,,,,,
2025.5.1,115,10.5,,,,,,,,,,,
2025.5.2,115,,,,,,,,,,,,
2025.5.3,115,9.5,,,,,,,,,,,
2025.5.4,115,,,,,,,,,,,,
2025.5.5,115,,,,,,,,,,,,
2025.5.6,115,,,,,,,,,,,,
2025.5.7,115,,,,,,,,,,,,
2025.5.8,115,,,,,,,,,,,,
2025.5.9,115,38,,,,,,,,,,,
2025.5.10,115,1.5,,,,,,,,,,,
2025.5.11,115,1.1,,,,,,,,,,,
2025.5.12,115,,,,,,,,,,,,
2025.5.13,115,,,,,,,,,,,,
2025.5.14,115,,,,,,,,,,,,
2025.5.15,115,0.3,,,,,,,,,,,
2025.5.16,115,3.5,,,,,,,,,,,
2025.5.17,115,10.8,,,,,,,,,,,
2025.5.18,115,,,,,,,,,,,,
2025.5.19,115,,,,,,,,,,,,
2025.5.20,115,,,,,,,,,,,,
2025.5.21,115,,,,,,,,,,,,
2025.5.22,115,0.6,,,,,,,,,,,
2025.5.23,115,,,,,,,,,,,,
2025.5.24,115,12.5,,,,,,,,,,,
2025.5.25,115,0.1,,,,,,,,,,,
2025.5.26,115,,,,,,,,,,,,
2025.5.27,115,,,,,,,,,,,,
2025.5.28,115,,,,,,,,,,,,
2025.5.29,115,,,,,,,,,,,,
2025.5.30,115,,,,,,,,,,,,
2025.5.31,115,,,,,,,,,,,,
2025.6.1,115,,,,,,,,,,,,
2025.6.2,115,0,,,,,,,,,,,
2025.6.3,115,0.2,,,,,,,,,,,
2025.6.4,115,,,,,,,,,,,,
2025.6.5,115,,,,,,,,,,,,
2025.6.6,115,,,,,,,,,,,,
2025.6.7,115,,,,,,,,,,,,
2025.6.8,115,,,,,,,,,,,,
2025.6.9,115,,,,,,,,,,,,
2025.6.10,115,,,,,,,,,,,,
2025.6.11,115,,,,,,,,,,,,
2025.6.12,115,,,,,,,,,,,,
2025.6.13,115,2.3,,,,,,,,,,,
2025.6.14,115,33.8,,,,,,,,,,,
2025.6.15,115,,,,,,,,,,,,
2025.6.16,115,0.2,,,,,,,,,,,
2025.6.17,115,,,,,,,,,,,,
2025.6.18,115,,,,,,,,,,,,
2025.6.19,115,,,,,,,,,,,,
2025.6.20,115,9.5,,,,,,,,,,,
2025.6.21,115,54.4,,,,,,,,,,,
2025.6.22,115,6.5,,,,,,,,,,,
2025.6.23,115,,,,,,,,,,,,
2025.6.24,115,2.2,,,,,,,,,,,
2025.6.25,115,53.1,,,,,,,,,,,
2025.6.26,115,0,,,,,,,,,,,
2025.6.27,115,,,,,,,,,,,,
2025.6.28,115,0,,,,,,,,,,,
2025.6.29,115,,,,,,,,,,,,
2025.6.30,115,,,,,,,,,,,,
2025.7.1,115,,,,,,,,,,,,
2025.7.2,115,,,,,,,,,,,,
2025.7.3,115,,,,,,,,,,,,
2025.7.4,115,,,,,,,,,,,,
2025.7.5,115,,,,,,,,,,,,
2025.7.6,115,,,,,,,,,,,,
2025.7.7,115,,,,,,,,,,,,
2025.7.8,115,,,,,,,,,,,,
2025.7.9,115,,,,,,,,,,,,
2025.7.10,115,,,,,,,,,,,,
2025.7.11,115,,,,,,,,,,,,
2025.7.12,115,,,,,,,,,,,,
2025.7.13,115,10,,,,,,,,,,,
2025.7.14,115,117.7,,,,,,,,,,,
2025.7.15,115,0,,,,,,,,,,,
2025.7.16,115,0.3,,,,,,,,,,,
2025.7.17,115,36.8,,,,,,,,,,,
2025.7.18,115,0.3,,,,,,,,,,,
2025.7.19,115,3,,,,,,,,,,,
2025.7.20,115,0.2,,,,,,,,,,,
2025.7.21,115,,,,,,,,,,,,
2025.7.22,115,,,,,,,,,,,,
2025.7.23,115,,,,,,,,,,,,
2025.7.24,115,,,,,,,,,,,,
2025.7.25,115,,,,,,,,,,,,
2025.7.26,115,,,,,,,,,,,,
2025.7.27,115,,,,,,,,,,,,
2025.7.28,115,,,,,,,,,,,,
2025.7.29,115,,,,,,,,,,,,
2025.7.30,115,,,,,,,,,,,,
2025.7.31,115,,,,,,,,,,,,
2025.8.1,115,,,,,,,,,,,,
2025.8.2,115,,,,,,,,,,,,
2025.8.3,115,0,,,,,,,,,,,
2025.8.4,115,10,,,,,,,,,,,
2025.8.5,115,,,,,,,,,,,,
2025.8.6,115,5.3,,,,,,,,,,,
2025.8.7,115,,,,,,,,,,,,
2025.8.8,115,,,,,,,,,,,,
2025.8.9,115,0.1,,,,,,,,,,,
2025.8.10,115,,,,,,,,,,,,
2025.8.11,115,1.8,,,,,,,,,,,
2025.8.12,115,0.2,,,,,,,,,,,
2025.8.13,115,5,,,,,,,,,,,
2025.8.14,115,,,,,,,,,,,,
2025.8.15,115,,,,,,,,,,,,
2025.8.16,115,,,,,,,,,,,,
2025.8.17,115,,,,,,,,,,,,
2025.8.18,115,0,,,,,,,,,,,
2025.8.19,115,,,,,,,,,,,,
2025.8.20,115,,,,,,,,,,,,
2025.8.21,115,,,,,,,,,,,,
2025.8.22,115,,,,,,,,,,,,
2025.8.23,115,,,,,,,,,,,,
2025.8.24,115,,,,,,,,,,,,
2025.8.25,115,,,,,,,,,,,,
2025.8.26,115,,,,,,,,,,,,
2025.8.27,115,,,,,,,,,,,,
2025.8.28,115,,,,,,,,,,,,
2025.8.29,115,,,,,,,,,,,,
2025.8.30,115,,,,,,,,,,,,
2025.8.31,115,,,,,,,,,,,,
2025.9.1,115,,,,,,,,,,,,
2025.9.2,115,0,,,,,,,,,,,
2025.9.3,115,,,,,,,,,,,,
2025.9.4,115,1.3,,,,,,,,,,,
2025.9.5,115,,,,,,,,,,,,
2025.9.6,115,,,,,,,,,,,,
2025.9.7,115,0,,,,,,,,,,,
2025.9.8,115,0,,,,,,,,,,,
2025.9.9,115,0.5,,,,,,,,,,,
2025.9.10,115,14.8,,,,,,,,,,,
2025.9.11,115,,,,,,,,,,,,
2025.9.12,115,2.7,,,,,,,,,,,
2025.9.13,115,42.8,,,,,,,,,,,
2025.9.14,115,0.1,,,,,,,,,,,
2025.9.15,115,,,,,,,,,,,,
2025.9.16,115,0.3,,,,,,,,,,,
2025.9.17,115,25.7,,,,,,,,,,,
2025.9.18,115,6.5,,,,,,,,,,,
2025.9.19,115,1.3,,,,,,,,,,,
2025.9.20,115,150,,,,,,,,,,,
2025.9.21,115,0.1,,,,,,,,,,,
2025.9.22,115,,,,,,,,,,,,
2025.9.23,115,,,,,,,,,,,,
2025.9.24,115,0,,,,,,,,,,,
2025.9.25,115,3.2,,,,,,,,,,,
2025.9.26,115,,,,,,,,,,,,
2025.9.27,115,,,,,,,,,,,,
2025.9.28,115,16.6,,,,,,,,,,,
2025.9.29,115,0,,,,,,,,,,,
2025.9.30,115,,,,,,,,,,,,
2025.10.1,115,30.2,,,,,,,,,,,
2025.10.2,115,,,,,,,,,,,,
2025.10.3,115,1.3,,,,,,,,,,,
2025.10.4,115,0.3,,,,,,,,,,,
2025.10.5,115,2,,,,,,,,,,,
2025.10.6,115,,,,,,,,,,,,
2025.10.7,115,0,,,,,,,,,,,
2025.10.8,115,0,,,,,,,,,,,
2025.10.9,115,,,,,,,,,,,,
2025.10.10,115,0,,,,,,,,,,,
2025.10.11,115,1.5,,,,,,,,,,,
2025.10.12,115,0.2,,,,,,,,,,,
2025.10.13,115,26.7,,,,,,,,,,,
2025.10.14,115,44.8,,,,,,,,,,,
2025.10.15,115,0,,,,,,,,,,,
2025.10.16,115,29.6,,,,,,,,,,,
2025.10.17,115,,,,,,,,,,,,
2025.10.18,115,23.6,,,,,,,,,,,
2025.10.19,115,6,,,,,,,,,,,
2025.10.20,115,28.1,,,,,,,,,,,
2025.10.21,115,21.1,,,,,,,,,,,
2025.10.22,115,22.3,,,,,,,,,,,
2025.10.23,115,32,,,,,,,,,,,
2025.10.24,115,11.9,,,,,,,,,,,
2025.10.25,115,14.8,,,,,,,,,,,
2025.10.26,115,2,,,,,,,,,,,
2025.10.27,115,0,,,,,,,,,,,
2025.10.28,115,,,,,,,,,,,,
2025.10.29,115,,,,,,,,,,,,
2025.10.30,115,,,,,,,,,,,,